CREATE DATABASE  IF NOT EXISTS `ars` /*!40100 DEFAULT CHARACTER SET utf8mb4 COLLATE utf8mb4_0900_ai_ci */ /*!80016 DEFAULT ENCRYPTION='N' */;
USE `ars`;
-- MySQL dump 10.13  Distrib 8.0.36, for Win64 (x86_64)
--
-- Host: localhost    Database: ars
-- ------------------------------------------------------
-- Server version	8.4.0

/*!40101 SET @OLD_CHARACTER_SET_CLIENT=@@CHARACTER_SET_CLIENT */;
/*!40101 SET @OLD_CHARACTER_SET_RESULTS=@@CHARACTER_SET_RESULTS */;
/*!40101 SET @OLD_COLLATION_CONNECTION=@@COLLATION_CONNECTION */;
/*!50503 SET NAMES utf8 */;
/*!40103 SET @OLD_TIME_ZONE=@@TIME_ZONE */;
/*!40103 SET TIME_ZONE='+00:00' */;
/*!40014 SET @OLD_UNIQUE_CHECKS=@@UNIQUE_CHECKS, UNIQUE_CHECKS=0 */;
/*!40014 SET @OLD_FOREIGN_KEY_CHECKS=@@FOREIGN_KEY_CHECKS, FOREIGN_KEY_CHECKS=0 */;
/*!40101 SET @OLD_SQL_MODE=@@SQL_MODE, SQL_MODE='NO_AUTO_VALUE_ON_ZERO' */;
/*!40111 SET @OLD_SQL_NOTES=@@SQL_NOTES, SQL_NOTES=0 */;

--
-- Table structure for table `appsettings`
--

DROP TABLE IF EXISTS `appsettings`;
/*!40101 SET @saved_cs_client     = @@character_set_client */;
/*!50503 SET character_set_client = utf8mb4 */;
CREATE TABLE `appsettings` (
  `ID` int NOT NULL AUTO_INCREMENT,
  `PersonID` int NOT NULL,
  `SettingName` varchar(255) DEFAULT NULL,
  `Value` varchar(255) DEFAULT NULL,
  PRIMARY KEY (`ID`)
) ENGINE=InnoDB DEFAULT CHARSET=utf8mb4 COLLATE=utf8mb4_0900_ai_ci;
/*!40101 SET character_set_client = @saved_cs_client */;

--
-- Dumping data for table `appsettings`
--

LOCK TABLES `appsettings` WRITE;
/*!40000 ALTER TABLE `appsettings` DISABLE KEYS */;
/*!40000 ALTER TABLE `appsettings` ENABLE KEYS */;
UNLOCK TABLES;

--
-- Table structure for table `department`
--

DROP TABLE IF EXISTS `department`;
/*!40101 SET @saved_cs_client     = @@character_set_client */;
/*!50503 SET character_set_client = utf8mb4 */;
CREATE TABLE `department` (
  `ID` int NOT NULL AUTO_INCREMENT,
  `DepartmentName` varchar(50) CHARACTER SET utf8mb3 COLLATE utf8mb3_general_ci NOT NULL,
  PRIMARY KEY (`ID`)
) ENGINE=InnoDB AUTO_INCREMENT=5 DEFAULT CHARSET=utf8mb4 COLLATE=utf8mb4_0900_ai_ci;
/*!40101 SET character_set_client = @saved_cs_client */;

--
-- Dumping data for table `department`
--

LOCK TABLES `department` WRITE;
/*!40000 ALTER TABLE `department` DISABLE KEYS */;
INSERT INTO `department` VALUES (1,'Preschool'),(2,'Elementary'),(3,'Junior High School'),(4,'Senior High School');
/*!40000 ALTER TABLE `department` ENABLE KEYS */;
UNLOCK TABLES;

--
-- Table structure for table `employee`
--

DROP TABLE IF EXISTS `employee`;
/*!40101 SET @saved_cs_client     = @@character_set_client */;
/*!50503 SET character_set_client = utf8mb4 */;
CREATE TABLE `employee` (
  `Id` int NOT NULL AUTO_INCREMENT,
  `UserId` int NOT NULL,
  `AssignedSchoolId` int DEFAULT NULL,
  PRIMARY KEY (`Id`),
  KEY `FK_Employee_User` (`UserId`),
  KEY `FK_Employee_School` (`AssignedSchoolId`),
  CONSTRAINT `FK_Employee_School` FOREIGN KEY (`AssignedSchoolId`) REFERENCES `school` (`Id`),
  CONSTRAINT `FK_Employee_User` FOREIGN KEY (`UserId`) REFERENCES `user` (`Id`)
) ENGINE=InnoDB AUTO_INCREMENT=5 DEFAULT CHARSET=utf8mb4 COLLATE=utf8mb4_0900_ai_ci;
/*!40101 SET character_set_client = @saved_cs_client */;

--
-- Dumping data for table `employee`
--

LOCK TABLES `employee` WRITE;
/*!40000 ALTER TABLE `employee` DISABLE KEYS */;
INSERT INTO `employee` VALUES (1,1,1),(2,9,1),(3,10,1),(4,11,1);
/*!40000 ALTER TABLE `employee` ENABLE KEYS */;
UNLOCK TABLES;

--
-- Table structure for table `enrollstudent`
--

DROP TABLE IF EXISTS `enrollstudent`;
/*!40101 SET @saved_cs_client     = @@character_set_client */;
/*!50503 SET character_set_client = utf8mb4 */;
CREATE TABLE `enrollstudent` (
  `ID` int NOT NULL AUTO_INCREMENT,
  `studentId` int NOT NULL,
  `DateEnrolled` date NOT NULL,
  `sectionId` int DEFAULT NULL,
  `schoolId` int NOT NULL,
  `schoolYearId` int NOT NULL,
  `semesterId` int DEFAULT NULL,
  PRIMARY KEY (`ID`),
  KEY `FK_EnrollStudent_Student` (`studentId`),
  KEY `FK_EnrollStudent_SchoolSection` (`sectionId`),
  KEY `FK_EnrollStudent_School` (`schoolId`),
  KEY `FK_EnrollStudent_SchoolYear` (`schoolYearId`),
  KEY `FK_EnrollStudent_Semester` (`semesterId`),
  CONSTRAINT `FK_EnrollStudent_School` FOREIGN KEY (`schoolId`) REFERENCES `school` (`Id`),
  CONSTRAINT `FK_EnrollStudent_SchoolSection` FOREIGN KEY (`sectionId`) REFERENCES `schoolsection` (`ID`),
  CONSTRAINT `FK_EnrollStudent_SchoolYear` FOREIGN KEY (`schoolYearId`) REFERENCES `schoolyear` (`Id`),
  CONSTRAINT `FK_EnrollStudent_Semester` FOREIGN KEY (`semesterId`) REFERENCES `semester` (`ID`),
  CONSTRAINT `FK_EnrollStudent_Student` FOREIGN KEY (`studentId`) REFERENCES `student` (`ID`)
) ENGINE=InnoDB AUTO_INCREMENT=9 DEFAULT CHARSET=utf8mb4 COLLATE=utf8mb4_0900_ai_ci;
/*!40101 SET character_set_client = @saved_cs_client */;

--
-- Dumping data for table `enrollstudent`
--

LOCK TABLES `enrollstudent` WRITE;
/*!40000 ALTER TABLE `enrollstudent` DISABLE KEYS */;
INSERT INTO `enrollstudent` VALUES (5,2,'2024-06-06',4,1,1,1),(6,6,'2024-06-07',5,1,1,NULL),(7,6,'2024-06-07',4,1,3,1),(8,10,'2024-06-08',6,1,1,1);
/*!40000 ALTER TABLE `enrollstudent` ENABLE KEYS */;
UNLOCK TABLES;

--
-- Table structure for table `gradelevel`
--

DROP TABLE IF EXISTS `gradelevel`;
/*!40101 SET @saved_cs_client     = @@character_set_client */;
/*!50503 SET character_set_client = utf8mb4 */;
CREATE TABLE `gradelevel` (
  `Id` int NOT NULL AUTO_INCREMENT,
  `Level` varchar(50) NOT NULL,
  `DepartmentId` int NOT NULL,
  PRIMARY KEY (`Id`),
  KEY `FK_GradeLevel_Department` (`DepartmentId`),
  CONSTRAINT `FK_GradeLevel_Department` FOREIGN KEY (`DepartmentId`) REFERENCES `department` (`ID`)
) ENGINE=InnoDB AUTO_INCREMENT=16 DEFAULT CHARSET=utf8mb4 COLLATE=utf8mb4_0900_ai_ci;
/*!40101 SET character_set_client = @saved_cs_client */;

--
-- Dumping data for table `gradelevel`
--

LOCK TABLES `gradelevel` WRITE;
/*!40000 ALTER TABLE `gradelevel` DISABLE KEYS */;
INSERT INTO `gradelevel` VALUES (1,'Nursery',1),(2,'Kinder 1',1),(3,'Kinder',2),(4,'Grade 1',2),(5,'Grade 2',2),(6,'Grade 3',2),(7,'Grade 4',2),(8,'Grade 5',2),(9,'Grade 6',2),(10,'Grade 7',3),(11,'Grade 8',3),(12,'Grade 9',3),(13,'Grade 10',3),(14,'Grade 11',4),(15,'Grade 12',4);
/*!40000 ALTER TABLE `gradelevel` ENABLE KEYS */;
UNLOCK TABLES;

--
-- Table structure for table `persistedgrants`
--

DROP TABLE IF EXISTS `persistedgrants`;
/*!40101 SET @saved_cs_client     = @@character_set_client */;
/*!50503 SET character_set_client = utf8mb4 */;
CREATE TABLE `persistedgrants` (
  `Key` varchar(200) NOT NULL,
  `Type` varchar(50) NOT NULL,
  `SubjectId` varchar(200) DEFAULT NULL,
  `ClientId` varchar(200) NOT NULL,
  `CreationTime` datetime(6) NOT NULL,
  `Expiration` datetime(6) DEFAULT NULL,
  `Data` text NOT NULL,
  PRIMARY KEY (`Key`)
) ENGINE=InnoDB DEFAULT CHARSET=utf8mb4 COLLATE=utf8mb4_0900_ai_ci;
/*!40101 SET character_set_client = @saved_cs_client */;

--
-- Dumping data for table `persistedgrants`
--

LOCK TABLES `persistedgrants` WRITE;
/*!40000 ALTER TABLE `persistedgrants` DISABLE KEYS */;
INSERT INTO `persistedgrants` VALUES ('/5AkcrGF6CiVpY7ziCRDPH5y13SsN5hvbifdVlSqoQY=','authorization_code','superadmin','payrollclient','2024-06-02 05:07:57.000000','2024-06-02 05:12:57.000000','{\"CreationTime\":\"2024-06-02T05:07:57Z\",\"Lifetime\":300,\"ClientId\":\"payrollclient\",\"Subject\":{\"AuthenticationType\":\"IdentityServer4\",\"Claims\":[{\"Type\":\"sub\",\"Value\":\"superadmin\",\"ValueType\":\"http://www.w3.org/2001/XMLSchema#string\"},{\"Type\":\"auth_time\",\"Value\":\"1717301019\",\"ValueType\":\"http://www.w3.org/2001/XMLSchema#string\"},{\"Type\":\"idp\",\"Value\":\"local\",\"ValueType\":\"http://www.w3.org/2001/XMLSchema#string\"},{\"Type\":\"amr\",\"Value\":\"pwd\",\"ValueType\":\"http://www.w3.org/2001/XMLSchema#string\"}]},\"IsOpenId\":true,\"RequestedScopes\":[\"openid\"],\"RedirectUri\":\"http://localhost:5173/signin-callback\",\"Nonce\":null,\"StateHash\":\"GkkF7zqUBMIAPvPi7_D4nQ\",\"WasConsentShown\":false,\"SessionId\":\"ko8tKU2uN51SIPnqZsbo1Q\",\"CodeChallenge\":\"PRoMx6GASW0URs8n/1Q4etdMv47uqGRsS+vtjrIsI+E=\",\"CodeChallengeMethod\":\"S256\",\"Properties\":{}}'),('/cnHs8xlDA/p71OQVXnDtnVA7LZbOtIYYagwFNM2330=','authorization_code','registrareditest','payrollclient','2024-06-01 08:59:08.000000','2024-06-01 09:04:08.000000','{\"CreationTime\":\"2024-06-01T08:59:08Z\",\"Lifetime\":300,\"ClientId\":\"payrollclient\",\"Subject\":{\"AuthenticationType\":\"IdentityServer4\",\"Claims\":[{\"Type\":\"sub\",\"Value\":\"registrareditest\",\"ValueType\":\"http://www.w3.org/2001/XMLSchema#string\"},{\"Type\":\"auth_time\",\"Value\":\"1717228780\",\"ValueType\":\"http://www.w3.org/2001/XMLSchema#string\"},{\"Type\":\"idp\",\"Value\":\"local\",\"ValueType\":\"http://www.w3.org/2001/XMLSchema#string\"},{\"Type\":\"amr\",\"Value\":\"pwd\",\"ValueType\":\"http://www.w3.org/2001/XMLSchema#string\"}]},\"IsOpenId\":true,\"RequestedScopes\":[\"openid\"],\"RedirectUri\":\"http://localhost:5173/signin-callback\",\"Nonce\":null,\"StateHash\":\"FcoZTWKypF3XfKw0X_MJiA\",\"WasConsentShown\":false,\"SessionId\":\"uvG8XPg9yVxvwZbJgRukBg\",\"CodeChallenge\":\"OSIhLCnVSQIERtOyuSQS5DfmuemeiZ2FWewxK2nOgLU=\",\"CodeChallengeMethod\":\"S256\",\"Properties\":{}}'),('/z0GppxcCk0nSIfMcPOcBKE5RxxA75O8t0AFLl7ws0E=','authorization_code','superadmin','payrollclient','2024-06-01 06:19:00.000000','2024-06-01 06:24:00.000000','{\"CreationTime\":\"2024-06-01T06:19:00Z\",\"Lifetime\":300,\"ClientId\":\"payrollclient\",\"Subject\":{\"AuthenticationType\":\"IdentityServer4\",\"Claims\":[{\"Type\":\"sub\",\"Value\":\"superadmin\",\"ValueType\":\"http://www.w3.org/2001/XMLSchema#string\"},{\"Type\":\"auth_time\",\"Value\":\"1717215698\",\"ValueType\":\"http://www.w3.org/2001/XMLSchema#string\"},{\"Type\":\"idp\",\"Value\":\"local\",\"ValueType\":\"http://www.w3.org/2001/XMLSchema#string\"},{\"Type\":\"amr\",\"Value\":\"pwd\",\"ValueType\":\"http://www.w3.org/2001/XMLSchema#string\"}]},\"IsOpenId\":true,\"RequestedScopes\":[\"openid\"],\"RedirectUri\":\"http://localhost:5173/signin-callback\",\"Nonce\":null,\"StateHash\":\"M5duToj-_GtyzrKskIiCUw\",\"WasConsentShown\":false,\"SessionId\":\"_jVHar6Y4TAGyOTsujwIHQ\",\"CodeChallenge\":\"Sr2P9+yMC1AdR22pTIw5EV5aEWGpoiyY+HGrIMz/R0M=\",\"CodeChallengeMethod\":\"S256\",\"Properties\":{}}'),('+3B02DHRq8o9afLQfnhd7iufIFCbKHJNkupn87qR2ew=','authorization_code','registrareditest','payrollclient','2024-06-01 08:59:23.000000','2024-06-01 09:04:23.000000','{\"CreationTime\":\"2024-06-01T08:59:23Z\",\"Lifetime\":300,\"ClientId\":\"payrollclient\",\"Subject\":{\"AuthenticationType\":\"IdentityServer4\",\"Claims\":[{\"Type\":\"sub\",\"Value\":\"registrareditest\",\"ValueType\":\"http://www.w3.org/2001/XMLSchema#string\"},{\"Type\":\"auth_time\",\"Value\":\"1717228780\",\"ValueType\":\"http://www.w3.org/2001/XMLSchema#string\"},{\"Type\":\"idp\",\"Value\":\"local\",\"ValueType\":\"http://www.w3.org/2001/XMLSchema#string\"},{\"Type\":\"amr\",\"Value\":\"pwd\",\"ValueType\":\"http://www.w3.org/2001/XMLSchema#string\"}]},\"IsOpenId\":true,\"RequestedScopes\":[\"openid\"],\"RedirectUri\":\"http://localhost:5173/signin-callback\",\"Nonce\":null,\"StateHash\":\"_1jURFYZr0Uq7mR1okSafw\",\"WasConsentShown\":false,\"SessionId\":\"uvG8XPg9yVxvwZbJgRukBg\",\"CodeChallenge\":\"egcOgUCtgHcM6C1d1Xe3NyAwa1Fmlxlb03CEU6oRg0s=\",\"CodeChallengeMethod\":\"S256\",\"Properties\":{}}'),('+hipBqlV9LqrFURgOp+XxfGy0UqhGIavHl9kbqhj0jw=','authorization_code','superadmin','payrollclient','2024-06-01 06:29:00.000000','2024-06-01 06:34:00.000000','{\"CreationTime\":\"2024-06-01T06:29:00Z\",\"Lifetime\":300,\"ClientId\":\"payrollclient\",\"Subject\":{\"AuthenticationType\":\"IdentityServer4\",\"Claims\":[{\"Type\":\"sub\",\"Value\":\"superadmin\",\"ValueType\":\"http://www.w3.org/2001/XMLSchema#string\"},{\"Type\":\"auth_time\",\"Value\":\"1717215698\",\"ValueType\":\"http://www.w3.org/2001/XMLSchema#string\"},{\"Type\":\"idp\",\"Value\":\"local\",\"ValueType\":\"http://www.w3.org/2001/XMLSchema#string\"},{\"Type\":\"amr\",\"Value\":\"pwd\",\"ValueType\":\"http://www.w3.org/2001/XMLSchema#string\"}]},\"IsOpenId\":true,\"RequestedScopes\":[\"openid\"],\"RedirectUri\":\"http://localhost:5173/signin-callback\",\"Nonce\":null,\"StateHash\":\"jE5nc3-jz_gGDkkvUJ3pZg\",\"WasConsentShown\":false,\"SessionId\":\"_jVHar6Y4TAGyOTsujwIHQ\",\"CodeChallenge\":\"BmuwDrX3PaqqEqh9gKT0N8KCcQxiaUKjTZTLYg+71c8=\",\"CodeChallengeMethod\":\"S256\",\"Properties\":{}}'),('+sUbrHL/Qqma8xG4VuwfksGZ9s2Y2oy3exJmhlDmIBA=','authorization_code','superadmin','payrollclient','2024-06-02 05:03:34.000000','2024-06-02 05:08:34.000000','{\"CreationTime\":\"2024-06-02T05:03:34Z\",\"Lifetime\":300,\"ClientId\":\"payrollclient\",\"Subject\":{\"AuthenticationType\":\"IdentityServer4\",\"Claims\":[{\"Type\":\"sub\",\"Value\":\"superadmin\",\"ValueType\":\"http://www.w3.org/2001/XMLSchema#string\"},{\"Type\":\"auth_time\",\"Value\":\"1717301019\",\"ValueType\":\"http://www.w3.org/2001/XMLSchema#string\"},{\"Type\":\"idp\",\"Value\":\"local\",\"ValueType\":\"http://www.w3.org/2001/XMLSchema#string\"},{\"Type\":\"amr\",\"Value\":\"pwd\",\"ValueType\":\"http://www.w3.org/2001/XMLSchema#string\"}]},\"IsOpenId\":true,\"RequestedScopes\":[\"openid\"],\"RedirectUri\":\"http://localhost:5173/signin-callback\",\"Nonce\":null,\"StateHash\":\"s429LTMtiVKErgIaflIPSg\",\"WasConsentShown\":false,\"SessionId\":\"ko8tKU2uN51SIPnqZsbo1Q\",\"CodeChallenge\":\"zaALl+LVkh6KcKyK7L7Yw7saqMQK2Rk23T6db3CdUGE=\",\"CodeChallengeMethod\":\"S256\",\"Properties\":{}}'),('+ty0u95C2se8ZOCyWbgLA7YHGeEjuA7WLJ67M9oYgvo=','authorization_code','superadmin','payrollclient','2024-06-01 06:41:00.000000','2024-06-01 06:46:00.000000','{\"CreationTime\":\"2024-06-01T06:41:00Z\",\"Lifetime\":300,\"ClientId\":\"payrollclient\",\"Subject\":{\"AuthenticationType\":\"IdentityServer4\",\"Claims\":[{\"Type\":\"sub\",\"Value\":\"superadmin\",\"ValueType\":\"http://www.w3.org/2001/XMLSchema#string\"},{\"Type\":\"auth_time\",\"Value\":\"1717215698\",\"ValueType\":\"http://www.w3.org/2001/XMLSchema#string\"},{\"Type\":\"idp\",\"Value\":\"local\",\"ValueType\":\"http://www.w3.org/2001/XMLSchema#string\"},{\"Type\":\"amr\",\"Value\":\"pwd\",\"ValueType\":\"http://www.w3.org/2001/XMLSchema#string\"}]},\"IsOpenId\":true,\"RequestedScopes\":[\"openid\"],\"RedirectUri\":\"http://localhost:5173/signin-callback\",\"Nonce\":null,\"StateHash\":\"C6FKjU_UNwVfGyt5ZyY-aA\",\"WasConsentShown\":false,\"SessionId\":\"_jVHar6Y4TAGyOTsujwIHQ\",\"CodeChallenge\":\"o6kkMxTcBPoxqwqMGj+cbeu3A+HszhPDjqQ4CprkNwY=\",\"CodeChallengeMethod\":\"S256\",\"Properties\":{}}'),('0HEmqPXg9WSFcBQtGDlAerKg+KTp3OX5w7fzRrQC6jg=','authorization_code','superadmin','payrollclient','2024-06-02 05:02:43.000000','2024-06-02 05:07:43.000000','{\"CreationTime\":\"2024-06-02T05:02:43Z\",\"Lifetime\":300,\"ClientId\":\"payrollclient\",\"Subject\":{\"AuthenticationType\":\"IdentityServer4\",\"Claims\":[{\"Type\":\"sub\",\"Value\":\"superadmin\",\"ValueType\":\"http://www.w3.org/2001/XMLSchema#string\"},{\"Type\":\"auth_time\",\"Value\":\"1717301019\",\"ValueType\":\"http://www.w3.org/2001/XMLSchema#string\"},{\"Type\":\"idp\",\"Value\":\"local\",\"ValueType\":\"http://www.w3.org/2001/XMLSchema#string\"},{\"Type\":\"amr\",\"Value\":\"pwd\",\"ValueType\":\"http://www.w3.org/2001/XMLSchema#string\"}]},\"IsOpenId\":true,\"RequestedScopes\":[\"openid\"],\"RedirectUri\":\"http://localhost:5173/signin-callback\",\"Nonce\":null,\"StateHash\":\"_XIYJloV519ZJkgzGGKYbA\",\"WasConsentShown\":false,\"SessionId\":\"ko8tKU2uN51SIPnqZsbo1Q\",\"CodeChallenge\":\"87fy3ZCL8Y9CEj3Bd3yjJ5WwLGAJhlEoT3uMUqrRfn0=\",\"CodeChallengeMethod\":\"S256\",\"Properties\":{}}'),('0p+/aVwl2VdcjG9Zi9EXqNrXAhYxhOylr7uNRnW5NOE=','authorization_code','superadmin','payrollclient','2024-06-02 05:03:06.000000','2024-06-02 05:08:06.000000','{\"CreationTime\":\"2024-06-02T05:03:06Z\",\"Lifetime\":300,\"ClientId\":\"payrollclient\",\"Subject\":{\"AuthenticationType\":\"IdentityServer4\",\"Claims\":[{\"Type\":\"sub\",\"Value\":\"superadmin\",\"ValueType\":\"http://www.w3.org/2001/XMLSchema#string\"},{\"Type\":\"auth_time\",\"Value\":\"1717301019\",\"ValueType\":\"http://www.w3.org/2001/XMLSchema#string\"},{\"Type\":\"idp\",\"Value\":\"local\",\"ValueType\":\"http://www.w3.org/2001/XMLSchema#string\"},{\"Type\":\"amr\",\"Value\":\"pwd\",\"ValueType\":\"http://www.w3.org/2001/XMLSchema#string\"}]},\"IsOpenId\":true,\"RequestedScopes\":[\"openid\"],\"RedirectUri\":\"http://localhost:5173/signin-callback\",\"Nonce\":null,\"StateHash\":\"KyMg0noIKu2RbdTQhqGW5A\",\"WasConsentShown\":false,\"SessionId\":\"ko8tKU2uN51SIPnqZsbo1Q\",\"CodeChallenge\":\"uFaUApqy9zCUS0oP0raZhXfLhLzqvGa2gK1/qOKEshM=\",\"CodeChallengeMethod\":\"S256\",\"Properties\":{}}'),('15+ZOjbVwO0jGesbsYr6tox+aOMsoI3vgjmjssvYhZ8=','authorization_code','registrar12','payrollclient','2024-06-07 01:40:45.000000','2024-06-07 01:45:45.000000','{\"CreationTime\":\"2024-06-07T01:40:45Z\",\"Lifetime\":300,\"ClientId\":\"payrollclient\",\"Subject\":{\"AuthenticationType\":\"IdentityServer4\",\"Claims\":[{\"Type\":\"sub\",\"Value\":\"registrar12\",\"ValueType\":\"http://www.w3.org/2001/XMLSchema#string\"},{\"Type\":\"auth_time\",\"Value\":\"1717720824\",\"ValueType\":\"http://www.w3.org/2001/XMLSchema#string\"},{\"Type\":\"idp\",\"Value\":\"local\",\"ValueType\":\"http://www.w3.org/2001/XMLSchema#string\"},{\"Type\":\"amr\",\"Value\":\"pwd\",\"ValueType\":\"http://www.w3.org/2001/XMLSchema#string\"}]},\"IsOpenId\":true,\"RequestedScopes\":[\"openid\"],\"RedirectUri\":\"http://localhost:5173/signin-callback\",\"Nonce\":null,\"StateHash\":\"rrmllY24B2-Ef1pxihOlWA\",\"WasConsentShown\":false,\"SessionId\":\"oYa_xD_lZjs_6ZfBu3CsbQ\",\"CodeChallenge\":\"yBQVWPgCGA1+mNi+gtGiRRPSGVcMuL+INsVZxriiguA=\",\"CodeChallengeMethod\":\"S256\",\"Properties\":{}}'),('1HG7NM6tVbLDGPTUVfFmxFnVdUzBPUdsdQnDyX6Pg1g=','authorization_code','superadmin','payrollclient','2024-06-01 06:57:00.000000','2024-06-01 07:02:00.000000','{\"CreationTime\":\"2024-06-01T06:57:00Z\",\"Lifetime\":300,\"ClientId\":\"payrollclient\",\"Subject\":{\"AuthenticationType\":\"IdentityServer4\",\"Claims\":[{\"Type\":\"sub\",\"Value\":\"superadmin\",\"ValueType\":\"http://www.w3.org/2001/XMLSchema#string\"},{\"Type\":\"auth_time\",\"Value\":\"1717215698\",\"ValueType\":\"http://www.w3.org/2001/XMLSchema#string\"},{\"Type\":\"idp\",\"Value\":\"local\",\"ValueType\":\"http://www.w3.org/2001/XMLSchema#string\"},{\"Type\":\"amr\",\"Value\":\"pwd\",\"ValueType\":\"http://www.w3.org/2001/XMLSchema#string\"}]},\"IsOpenId\":true,\"RequestedScopes\":[\"openid\"],\"RedirectUri\":\"http://localhost:5173/signin-callback\",\"Nonce\":null,\"StateHash\":\"UmBq4Pp14HXBhrEPV2hzGg\",\"WasConsentShown\":false,\"SessionId\":\"_jVHar6Y4TAGyOTsujwIHQ\",\"CodeChallenge\":\"BkFCjnw7KkEjqReod0Z/A+MGzJlT27ap0Etn47GaaT0=\",\"CodeChallengeMethod\":\"S256\",\"Properties\":{}}'),('1HHdXTZ1QGjayiWDbTOzGFWCrF5m44EuD4c1JFrk2eo=','authorization_code','joshuaharvillecaranzo@gmail.com','payrollclient','2024-06-06 23:19:57.000000','2024-06-06 23:24:57.000000','{\"CreationTime\":\"2024-06-06T23:19:57Z\",\"Lifetime\":300,\"ClientId\":\"payrollclient\",\"Subject\":{\"AuthenticationType\":\"IdentityServer4\",\"Claims\":[{\"Type\":\"sub\",\"Value\":\"joshuaharvillecaranzo@gmail.com\",\"ValueType\":\"http://www.w3.org/2001/XMLSchema#string\"},{\"Type\":\"auth_time\",\"Value\":\"1717692038\",\"ValueType\":\"http://www.w3.org/2001/XMLSchema#string\"},{\"Type\":\"idp\",\"Value\":\"local\",\"ValueType\":\"http://www.w3.org/2001/XMLSchema#string\"},{\"Type\":\"amr\",\"Value\":\"pwd\",\"ValueType\":\"http://www.w3.org/2001/XMLSchema#string\"}]},\"IsOpenId\":true,\"RequestedScopes\":[\"openid\"],\"RedirectUri\":\"http://localhost:5173/signin-callback\",\"Nonce\":null,\"StateHash\":\"gMBAGDjTsyuICU4uXnLv8A\",\"WasConsentShown\":false,\"SessionId\":\"y96Fn9Z7j3_-gh0iExW_JQ\",\"CodeChallenge\":\"Xnk259VuB4QOfDTVSQ1VC65tOlmqXBGLjIMurHV1yZk=\",\"CodeChallengeMethod\":\"S256\",\"Properties\":{}}'),('1Hu4/FSLFRjYw7I1R234JeiqWLtiW3T8d4Zk546SRaI=','authorization_code','superadmin','payrollclient','2024-06-02 05:03:27.000000','2024-06-02 05:08:27.000000','{\"CreationTime\":\"2024-06-02T05:03:27Z\",\"Lifetime\":300,\"ClientId\":\"payrollclient\",\"Subject\":{\"AuthenticationType\":\"IdentityServer4\",\"Claims\":[{\"Type\":\"sub\",\"Value\":\"superadmin\",\"ValueType\":\"http://www.w3.org/2001/XMLSchema#string\"},{\"Type\":\"auth_time\",\"Value\":\"1717301019\",\"ValueType\":\"http://www.w3.org/2001/XMLSchema#string\"},{\"Type\":\"idp\",\"Value\":\"local\",\"ValueType\":\"http://www.w3.org/2001/XMLSchema#string\"},{\"Type\":\"amr\",\"Value\":\"pwd\",\"ValueType\":\"http://www.w3.org/2001/XMLSchema#string\"}]},\"IsOpenId\":true,\"RequestedScopes\":[\"openid\"],\"RedirectUri\":\"http://localhost:5173/signin-callback\",\"Nonce\":null,\"StateHash\":\"wTEBC2SpTt1tCEwWNY9d8w\",\"WasConsentShown\":false,\"SessionId\":\"ko8tKU2uN51SIPnqZsbo1Q\",\"CodeChallenge\":\"RbuBAPgXmu8s/365YSpeGrH9duRWaaRd+rwImuINcj0=\",\"CodeChallengeMethod\":\"S256\",\"Properties\":{}}'),('1WiHmriK3xeSPteIp4BHbcI0YDvHGmug8F8CUnt7w3Q=','authorization_code','registrareditest','payrollclient','2024-06-01 09:10:00.000000','2024-06-01 09:15:00.000000','{\"CreationTime\":\"2024-06-01T09:10:00Z\",\"Lifetime\":300,\"ClientId\":\"payrollclient\",\"Subject\":{\"AuthenticationType\":\"IdentityServer4\",\"Claims\":[{\"Type\":\"sub\",\"Value\":\"registrareditest\",\"ValueType\":\"http://www.w3.org/2001/XMLSchema#string\"},{\"Type\":\"auth_time\",\"Value\":\"1717228780\",\"ValueType\":\"http://www.w3.org/2001/XMLSchema#string\"},{\"Type\":\"idp\",\"Value\":\"local\",\"ValueType\":\"http://www.w3.org/2001/XMLSchema#string\"},{\"Type\":\"amr\",\"Value\":\"pwd\",\"ValueType\":\"http://www.w3.org/2001/XMLSchema#string\"}]},\"IsOpenId\":true,\"RequestedScopes\":[\"openid\"],\"RedirectUri\":\"http://localhost:5173/signin-callback\",\"Nonce\":null,\"StateHash\":\"YV81OT8k82c_V3j6Ix7f5w\",\"WasConsentShown\":false,\"SessionId\":\"uvG8XPg9yVxvwZbJgRukBg\",\"CodeChallenge\":\"YqU+j/HhWEnKR21znx2CIiU8gN5o4qlhoD0zIqoBycM=\",\"CodeChallengeMethod\":\"S256\",\"Properties\":{}}'),('27DMVLLNbKBF1w0NpSl7FhSgvImbza+lkiPtLF/n4zA=','authorization_code','superadmin','payrollclient','2024-06-01 06:39:00.000000','2024-06-01 06:44:00.000000','{\"CreationTime\":\"2024-06-01T06:39:00Z\",\"Lifetime\":300,\"ClientId\":\"payrollclient\",\"Subject\":{\"AuthenticationType\":\"IdentityServer4\",\"Claims\":[{\"Type\":\"sub\",\"Value\":\"superadmin\",\"ValueType\":\"http://www.w3.org/2001/XMLSchema#string\"},{\"Type\":\"auth_time\",\"Value\":\"1717215698\",\"ValueType\":\"http://www.w3.org/2001/XMLSchema#string\"},{\"Type\":\"idp\",\"Value\":\"local\",\"ValueType\":\"http://www.w3.org/2001/XMLSchema#string\"},{\"Type\":\"amr\",\"Value\":\"pwd\",\"ValueType\":\"http://www.w3.org/2001/XMLSchema#string\"}]},\"IsOpenId\":true,\"RequestedScopes\":[\"openid\"],\"RedirectUri\":\"http://localhost:5173/signin-callback\",\"Nonce\":null,\"StateHash\":\"m4rNowFA_ShDpfenr4YFzw\",\"WasConsentShown\":false,\"SessionId\":\"_jVHar6Y4TAGyOTsujwIHQ\",\"CodeChallenge\":\"fI56jmxdiVM7BPgwh2iydqC6jv6X9xnChQcjYcCuJdY=\",\"CodeChallengeMethod\":\"S256\",\"Properties\":{}}'),('2bjQPrUbyu4SEaoB7RlGKqhgXBB7UHas++0Zc9dQEe8=','authorization_code','superadmin','payrollclient','2024-06-02 05:02:57.000000','2024-06-02 05:07:57.000000','{\"CreationTime\":\"2024-06-02T05:02:57Z\",\"Lifetime\":300,\"ClientId\":\"payrollclient\",\"Subject\":{\"AuthenticationType\":\"IdentityServer4\",\"Claims\":[{\"Type\":\"sub\",\"Value\":\"superadmin\",\"ValueType\":\"http://www.w3.org/2001/XMLSchema#string\"},{\"Type\":\"auth_time\",\"Value\":\"1717301019\",\"ValueType\":\"http://www.w3.org/2001/XMLSchema#string\"},{\"Type\":\"idp\",\"Value\":\"local\",\"ValueType\":\"http://www.w3.org/2001/XMLSchema#string\"},{\"Type\":\"amr\",\"Value\":\"pwd\",\"ValueType\":\"http://www.w3.org/2001/XMLSchema#string\"}]},\"IsOpenId\":true,\"RequestedScopes\":[\"openid\"],\"RedirectUri\":\"http://localhost:5173/signin-callback\",\"Nonce\":null,\"StateHash\":\"XN5sdPykY9NjCzRiBObOwg\",\"WasConsentShown\":false,\"SessionId\":\"ko8tKU2uN51SIPnqZsbo1Q\",\"CodeChallenge\":\"v57pepID74dAiES4tq+k+6aG7gevoW+yPwTR8j8HHck=\",\"CodeChallengeMethod\":\"S256\",\"Properties\":{}}'),('2CMyL6cqBZ8ijMLQsPIZCwwBO7i+XXdobwYpqkLf/+k=','authorization_code','registrareditest','payrollclient','2024-06-01 09:34:00.000000','2024-06-01 09:39:00.000000','{\"CreationTime\":\"2024-06-01T09:34:00Z\",\"Lifetime\":300,\"ClientId\":\"payrollclient\",\"Subject\":{\"AuthenticationType\":\"IdentityServer4\",\"Claims\":[{\"Type\":\"sub\",\"Value\":\"registrareditest\",\"ValueType\":\"http://www.w3.org/2001/XMLSchema#string\"},{\"Type\":\"auth_time\",\"Value\":\"1717228780\",\"ValueType\":\"http://www.w3.org/2001/XMLSchema#string\"},{\"Type\":\"idp\",\"Value\":\"local\",\"ValueType\":\"http://www.w3.org/2001/XMLSchema#string\"},{\"Type\":\"amr\",\"Value\":\"pwd\",\"ValueType\":\"http://www.w3.org/2001/XMLSchema#string\"}]},\"IsOpenId\":true,\"RequestedScopes\":[\"openid\"],\"RedirectUri\":\"http://localhost:5173/signin-callback\",\"Nonce\":null,\"StateHash\":\"ExnviS636Hl0wVf11b1ctA\",\"WasConsentShown\":false,\"SessionId\":\"uvG8XPg9yVxvwZbJgRukBg\",\"CodeChallenge\":\"ayuvUQj/nGbgi1AO2FR3nFbdlgpaV3Bb7Evrm/Ja8ek=\",\"CodeChallengeMethod\":\"S256\",\"Properties\":{}}'),('31Io0vhKKUcuaj2XnMZj8EL/N3AZ5aoEOd0dnlFMrPI=','authorization_code','superadmin','payrollclient','2024-06-02 05:03:18.000000','2024-06-02 05:08:18.000000','{\"CreationTime\":\"2024-06-02T05:03:18Z\",\"Lifetime\":300,\"ClientId\":\"payrollclient\",\"Subject\":{\"AuthenticationType\":\"IdentityServer4\",\"Claims\":[{\"Type\":\"sub\",\"Value\":\"superadmin\",\"ValueType\":\"http://www.w3.org/2001/XMLSchema#string\"},{\"Type\":\"auth_time\",\"Value\":\"1717301019\",\"ValueType\":\"http://www.w3.org/2001/XMLSchema#string\"},{\"Type\":\"idp\",\"Value\":\"local\",\"ValueType\":\"http://www.w3.org/2001/XMLSchema#string\"},{\"Type\":\"amr\",\"Value\":\"pwd\",\"ValueType\":\"http://www.w3.org/2001/XMLSchema#string\"}]},\"IsOpenId\":true,\"RequestedScopes\":[\"openid\"],\"RedirectUri\":\"http://localhost:5173/signin-callback\",\"Nonce\":null,\"StateHash\":\"6bzDfg6kYq9DKOEsMsGucg\",\"WasConsentShown\":false,\"SessionId\":\"ko8tKU2uN51SIPnqZsbo1Q\",\"CodeChallenge\":\"XuwGYXGHVFUxsfp7Yfwg9QqQV1T2xj+AHFajoRb4GwQ=\",\"CodeChallengeMethod\":\"S256\",\"Properties\":{}}'),('4AemVaxdaJtJIozrLqpRGwx0adAHqyKasas3Z+h+1W8=','authorization_code','registrareditest','payrollclient','2024-06-01 09:50:00.000000','2024-06-01 09:55:00.000000','{\"CreationTime\":\"2024-06-01T09:50:00Z\",\"Lifetime\":300,\"ClientId\":\"payrollclient\",\"Subject\":{\"AuthenticationType\":\"IdentityServer4\",\"Claims\":[{\"Type\":\"sub\",\"Value\":\"registrareditest\",\"ValueType\":\"http://www.w3.org/2001/XMLSchema#string\"},{\"Type\":\"auth_time\",\"Value\":\"1717228780\",\"ValueType\":\"http://www.w3.org/2001/XMLSchema#string\"},{\"Type\":\"idp\",\"Value\":\"local\",\"ValueType\":\"http://www.w3.org/2001/XMLSchema#string\"},{\"Type\":\"amr\",\"Value\":\"pwd\",\"ValueType\":\"http://www.w3.org/2001/XMLSchema#string\"}]},\"IsOpenId\":true,\"RequestedScopes\":[\"openid\"],\"RedirectUri\":\"http://localhost:5173/signin-callback\",\"Nonce\":null,\"StateHash\":\"G2H4EPocFyVZ-AXyRCyxjg\",\"WasConsentShown\":false,\"SessionId\":\"uvG8XPg9yVxvwZbJgRukBg\",\"CodeChallenge\":\"YCg4EzjIHH6YR3mafe9pruWVLD9E8U3DBHzq/Xbl5UA=\",\"CodeChallengeMethod\":\"S256\",\"Properties\":{}}'),('4qWMgT8vnr5sczljfLaEW33f2HZ2GDQxbI5goaXyL6k=','authorization_code','admin1','payrollclient','2024-06-07 10:39:11.000000','2024-06-07 10:44:11.000000','{\"CreationTime\":\"2024-06-07T10:39:11Z\",\"Lifetime\":300,\"ClientId\":\"payrollclient\",\"Subject\":{\"AuthenticationType\":\"IdentityServer4\",\"Claims\":[{\"Type\":\"sub\",\"Value\":\"admin1\",\"ValueType\":\"http://www.w3.org/2001/XMLSchema#string\"},{\"Type\":\"auth_time\",\"Value\":\"1717751335\",\"ValueType\":\"http://www.w3.org/2001/XMLSchema#string\"},{\"Type\":\"idp\",\"Value\":\"local\",\"ValueType\":\"http://www.w3.org/2001/XMLSchema#string\"},{\"Type\":\"amr\",\"Value\":\"pwd\",\"ValueType\":\"http://www.w3.org/2001/XMLSchema#string\"}]},\"IsOpenId\":true,\"RequestedScopes\":[\"openid\"],\"RedirectUri\":\"http://localhost:5173/signin-callback\",\"Nonce\":null,\"StateHash\":\"XIHaWk7mBz_dIpAqzvZxdw\",\"WasConsentShown\":false,\"SessionId\":\"s1R4MIJBjl2cPNbv42oXGw\",\"CodeChallenge\":\"Yhls4tDlYkkIpnPpyfeVOgP5nEoNKev+JmbNRGu1lfw=\",\"CodeChallengeMethod\":\"S256\",\"Properties\":{}}'),('4W0PMMy2ZE9ZNLsZDZDjDu1o892iF4MKeyj0ktc6ygs=','authorization_code','superadmin','payrollclient','2024-06-01 06:17:00.000000','2024-06-01 06:22:00.000000','{\"CreationTime\":\"2024-06-01T06:17:00Z\",\"Lifetime\":300,\"ClientId\":\"payrollclient\",\"Subject\":{\"AuthenticationType\":\"IdentityServer4\",\"Claims\":[{\"Type\":\"sub\",\"Value\":\"superadmin\",\"ValueType\":\"http://www.w3.org/2001/XMLSchema#string\"},{\"Type\":\"auth_time\",\"Value\":\"1717215698\",\"ValueType\":\"http://www.w3.org/2001/XMLSchema#string\"},{\"Type\":\"idp\",\"Value\":\"local\",\"ValueType\":\"http://www.w3.org/2001/XMLSchema#string\"},{\"Type\":\"amr\",\"Value\":\"pwd\",\"ValueType\":\"http://www.w3.org/2001/XMLSchema#string\"}]},\"IsOpenId\":true,\"RequestedScopes\":[\"openid\"],\"RedirectUri\":\"http://localhost:5173/signin-callback\",\"Nonce\":null,\"StateHash\":\"Uk_1AkcNg6f7-npVyMdohA\",\"WasConsentShown\":false,\"SessionId\":\"_jVHar6Y4TAGyOTsujwIHQ\",\"CodeChallenge\":\"NTRBS+reiQAZLanLAbCvqlgmYb+pxwBD22IkkfNOyAU=\",\"CodeChallengeMethod\":\"S256\",\"Properties\":{}}'),('5EYOG2IJAKk/eLgQQ+c4J/E38jnI3MGXYhowsa3mNuQ=','authorization_code','superadmin','payrollclient','2024-06-01 06:35:00.000000','2024-06-01 06:40:00.000000','{\"CreationTime\":\"2024-06-01T06:35:00Z\",\"Lifetime\":300,\"ClientId\":\"payrollclient\",\"Subject\":{\"AuthenticationType\":\"IdentityServer4\",\"Claims\":[{\"Type\":\"sub\",\"Value\":\"superadmin\",\"ValueType\":\"http://www.w3.org/2001/XMLSchema#string\"},{\"Type\":\"auth_time\",\"Value\":\"1717215698\",\"ValueType\":\"http://www.w3.org/2001/XMLSchema#string\"},{\"Type\":\"idp\",\"Value\":\"local\",\"ValueType\":\"http://www.w3.org/2001/XMLSchema#string\"},{\"Type\":\"amr\",\"Value\":\"pwd\",\"ValueType\":\"http://www.w3.org/2001/XMLSchema#string\"}]},\"IsOpenId\":true,\"RequestedScopes\":[\"openid\"],\"RedirectUri\":\"http://localhost:5173/signin-callback\",\"Nonce\":null,\"StateHash\":\"aH2zNt_J6hGEvtPLYkKZvQ\",\"WasConsentShown\":false,\"SessionId\":\"_jVHar6Y4TAGyOTsujwIHQ\",\"CodeChallenge\":\"PAyHvvHsLCrx0onC/Z+kXcJ70/p5AI+6EQV4TI/1n2w=\",\"CodeChallengeMethod\":\"S256\",\"Properties\":{}}'),('5L5EVTrAI7Bl3o01XQELfFbCsHRomhkOHnzA7JMeyRI=','authorization_code','superadmin','payrollclient','2024-06-01 06:53:00.000000','2024-06-01 06:58:00.000000','{\"CreationTime\":\"2024-06-01T06:53:00Z\",\"Lifetime\":300,\"ClientId\":\"payrollclient\",\"Subject\":{\"AuthenticationType\":\"IdentityServer4\",\"Claims\":[{\"Type\":\"sub\",\"Value\":\"superadmin\",\"ValueType\":\"http://www.w3.org/2001/XMLSchema#string\"},{\"Type\":\"auth_time\",\"Value\":\"1717215698\",\"ValueType\":\"http://www.w3.org/2001/XMLSchema#string\"},{\"Type\":\"idp\",\"Value\":\"local\",\"ValueType\":\"http://www.w3.org/2001/XMLSchema#string\"},{\"Type\":\"amr\",\"Value\":\"pwd\",\"ValueType\":\"http://www.w3.org/2001/XMLSchema#string\"}]},\"IsOpenId\":true,\"RequestedScopes\":[\"openid\"],\"RedirectUri\":\"http://localhost:5173/signin-callback\",\"Nonce\":null,\"StateHash\":\"XfzIFnsgCkvn5Vq2kXACIA\",\"WasConsentShown\":false,\"SessionId\":\"_jVHar6Y4TAGyOTsujwIHQ\",\"CodeChallenge\":\"3bjGo+rSa73Hyk6oaj/Huiovkc458NRFUaUDvukLLyY=\",\"CodeChallengeMethod\":\"S256\",\"Properties\":{}}'),('61SEG8/yaU7x3JtRx137DLnnOX4kF7ocJ2mYBMOm5cU=','authorization_code','superadmin','payrollclient','2024-06-02 05:02:58.000000','2024-06-02 05:07:58.000000','{\"CreationTime\":\"2024-06-02T05:02:58Z\",\"Lifetime\":300,\"ClientId\":\"payrollclient\",\"Subject\":{\"AuthenticationType\":\"IdentityServer4\",\"Claims\":[{\"Type\":\"sub\",\"Value\":\"superadmin\",\"ValueType\":\"http://www.w3.org/2001/XMLSchema#string\"},{\"Type\":\"auth_time\",\"Value\":\"1717301019\",\"ValueType\":\"http://www.w3.org/2001/XMLSchema#string\"},{\"Type\":\"idp\",\"Value\":\"local\",\"ValueType\":\"http://www.w3.org/2001/XMLSchema#string\"},{\"Type\":\"amr\",\"Value\":\"pwd\",\"ValueType\":\"http://www.w3.org/2001/XMLSchema#string\"}]},\"IsOpenId\":true,\"RequestedScopes\":[\"openid\"],\"RedirectUri\":\"http://localhost:5173/signin-callback\",\"Nonce\":null,\"StateHash\":\"rFz0_omwTXWYLtE5IREjWA\",\"WasConsentShown\":false,\"SessionId\":\"ko8tKU2uN51SIPnqZsbo1Q\",\"CodeChallenge\":\"IOT2RM9dDx4eeHL9idTXixIi/9C99aTY7B0hVlQnXGI=\",\"CodeChallengeMethod\":\"S256\",\"Properties\":{}}'),('6lMMUwbq4oYRrfCGC5Xg79dj/6Ut7nG0Q1hWw9MF9ng=','authorization_code','superadmin','payrollclient','2024-06-01 06:21:00.000000','2024-06-01 06:26:00.000000','{\"CreationTime\":\"2024-06-01T06:21:00Z\",\"Lifetime\":300,\"ClientId\":\"payrollclient\",\"Subject\":{\"AuthenticationType\":\"IdentityServer4\",\"Claims\":[{\"Type\":\"sub\",\"Value\":\"superadmin\",\"ValueType\":\"http://www.w3.org/2001/XMLSchema#string\"},{\"Type\":\"auth_time\",\"Value\":\"1717215698\",\"ValueType\":\"http://www.w3.org/2001/XMLSchema#string\"},{\"Type\":\"idp\",\"Value\":\"local\",\"ValueType\":\"http://www.w3.org/2001/XMLSchema#string\"},{\"Type\":\"amr\",\"Value\":\"pwd\",\"ValueType\":\"http://www.w3.org/2001/XMLSchema#string\"}]},\"IsOpenId\":true,\"RequestedScopes\":[\"openid\"],\"RedirectUri\":\"http://localhost:5173/signin-callback\",\"Nonce\":null,\"StateHash\":\"wmIuAHockJsybzfq79PQfg\",\"WasConsentShown\":false,\"SessionId\":\"_jVHar6Y4TAGyOTsujwIHQ\",\"CodeChallenge\":\"rnvrupPwIl9NlVedBDQkOwLXuTWtg2IRX2tEEzumW9U=\",\"CodeChallengeMethod\":\"S256\",\"Properties\":{}}'),('7jhCVp0rosliQiB538nZbhcBP9SKSAzcXDJs8EWLOu0=','authorization_code','superadmin','payrollclient','2024-06-03 04:16:54.000000','2024-06-03 04:21:54.000000','{\"CreationTime\":\"2024-06-03T04:16:54Z\",\"Lifetime\":300,\"ClientId\":\"payrollclient\",\"Subject\":{\"AuthenticationType\":\"IdentityServer4\",\"Claims\":[{\"Type\":\"sub\",\"Value\":\"superadmin\",\"ValueType\":\"http://www.w3.org/2001/XMLSchema#string\"},{\"Type\":\"auth_time\",\"Value\":\"1717388214\",\"ValueType\":\"http://www.w3.org/2001/XMLSchema#string\"},{\"Type\":\"idp\",\"Value\":\"local\",\"ValueType\":\"http://www.w3.org/2001/XMLSchema#string\"},{\"Type\":\"amr\",\"Value\":\"pwd\",\"ValueType\":\"http://www.w3.org/2001/XMLSchema#string\"}]},\"IsOpenId\":true,\"RequestedScopes\":[\"openid\"],\"RedirectUri\":\"http://localhost:5173/signin-callback\",\"Nonce\":null,\"StateHash\":\"4KAf8A0IB6rdCLfc1zNwYw\",\"WasConsentShown\":false,\"SessionId\":\"RYp1X5bviorIzcjYRwrmrw\",\"CodeChallenge\":\"vJDZypQQV6cfOgaPks1seUo9acENuxSK6qFVqAYN3k0=\",\"CodeChallengeMethod\":\"S256\",\"Properties\":{}}'),('8809E1p2+/STA0djF1NNf8zpnBClIT9b/oT4hlIwFsw=','authorization_code','superadmin','payrollclient','2024-06-01 06:39:00.000000','2024-06-01 06:44:00.000000','{\"CreationTime\":\"2024-06-01T06:39:00Z\",\"Lifetime\":300,\"ClientId\":\"payrollclient\",\"Subject\":{\"AuthenticationType\":\"IdentityServer4\",\"Claims\":[{\"Type\":\"sub\",\"Value\":\"superadmin\",\"ValueType\":\"http://www.w3.org/2001/XMLSchema#string\"},{\"Type\":\"auth_time\",\"Value\":\"1717215698\",\"ValueType\":\"http://www.w3.org/2001/XMLSchema#string\"},{\"Type\":\"idp\",\"Value\":\"local\",\"ValueType\":\"http://www.w3.org/2001/XMLSchema#string\"},{\"Type\":\"amr\",\"Value\":\"pwd\",\"ValueType\":\"http://www.w3.org/2001/XMLSchema#string\"}]},\"IsOpenId\":true,\"RequestedScopes\":[\"openid\"],\"RedirectUri\":\"http://localhost:5173/signin-callback\",\"Nonce\":null,\"StateHash\":\"PyrLru9TV0JkGoagywaLXw\",\"WasConsentShown\":false,\"SessionId\":\"_jVHar6Y4TAGyOTsujwIHQ\",\"CodeChallenge\":\"Nl0UB+EJdtKI+QV0E1PTagAEDevhTIxwPnu7r0YRguM=\",\"CodeChallengeMethod\":\"S256\",\"Properties\":{}}'),('8j9rnwkO5fFHIZxXq8ch7XooUvirtZoxBqtCwA3NpNs=','authorization_code','registrareditest','payrollclient','2024-06-01 08:59:04.000000','2024-06-01 09:04:04.000000','{\"CreationTime\":\"2024-06-01T08:59:04Z\",\"Lifetime\":300,\"ClientId\":\"payrollclient\",\"Subject\":{\"AuthenticationType\":\"IdentityServer4\",\"Claims\":[{\"Type\":\"sub\",\"Value\":\"registrareditest\",\"ValueType\":\"http://www.w3.org/2001/XMLSchema#string\"},{\"Type\":\"auth_time\",\"Value\":\"1717228780\",\"ValueType\":\"http://www.w3.org/2001/XMLSchema#string\"},{\"Type\":\"idp\",\"Value\":\"local\",\"ValueType\":\"http://www.w3.org/2001/XMLSchema#string\"},{\"Type\":\"amr\",\"Value\":\"pwd\",\"ValueType\":\"http://www.w3.org/2001/XMLSchema#string\"}]},\"IsOpenId\":true,\"RequestedScopes\":[\"openid\"],\"RedirectUri\":\"http://localhost:5173/signin-callback\",\"Nonce\":null,\"StateHash\":\"RvGVz0nnkMSIi3d1GjaB6A\",\"WasConsentShown\":false,\"SessionId\":\"uvG8XPg9yVxvwZbJgRukBg\",\"CodeChallenge\":\"Rg4oca5W7vH82P982i2ibBKmEM9sH2MRObMZmLDE8FI=\",\"CodeChallengeMethod\":\"S256\",\"Properties\":{}}'),('94iBM9lWekPHhbLftRx0nPILkJNd3bfP4a7qe0IVdRk=','authorization_code','superadmin','payrollclient','2024-06-01 06:59:00.000000','2024-06-01 07:04:00.000000','{\"CreationTime\":\"2024-06-01T06:59:00Z\",\"Lifetime\":300,\"ClientId\":\"payrollclient\",\"Subject\":{\"AuthenticationType\":\"IdentityServer4\",\"Claims\":[{\"Type\":\"sub\",\"Value\":\"superadmin\",\"ValueType\":\"http://www.w3.org/2001/XMLSchema#string\"},{\"Type\":\"auth_time\",\"Value\":\"1717215698\",\"ValueType\":\"http://www.w3.org/2001/XMLSchema#string\"},{\"Type\":\"idp\",\"Value\":\"local\",\"ValueType\":\"http://www.w3.org/2001/XMLSchema#string\"},{\"Type\":\"amr\",\"Value\":\"pwd\",\"ValueType\":\"http://www.w3.org/2001/XMLSchema#string\"}]},\"IsOpenId\":true,\"RequestedScopes\":[\"openid\"],\"RedirectUri\":\"http://localhost:5173/signin-callback\",\"Nonce\":null,\"StateHash\":\"sGyjoZ-EZPG6DMOFrtLfng\",\"WasConsentShown\":false,\"SessionId\":\"_jVHar6Y4TAGyOTsujwIHQ\",\"CodeChallenge\":\"au9WgEuXO59O9V8vr7YKlY8Klb6cW8ZfckdpUZLWfw4=\",\"CodeChallengeMethod\":\"S256\",\"Properties\":{}}'),('95heymwPtbx1lFauoBnEtIjI0wiJfKFvnoUiw0wU+Zg=','authorization_code','registrareditest','payrollclient','2024-06-01 09:54:00.000000','2024-06-01 09:59:00.000000','{\"CreationTime\":\"2024-06-01T09:54:00Z\",\"Lifetime\":300,\"ClientId\":\"payrollclient\",\"Subject\":{\"AuthenticationType\":\"IdentityServer4\",\"Claims\":[{\"Type\":\"sub\",\"Value\":\"registrareditest\",\"ValueType\":\"http://www.w3.org/2001/XMLSchema#string\"},{\"Type\":\"auth_time\",\"Value\":\"1717228780\",\"ValueType\":\"http://www.w3.org/2001/XMLSchema#string\"},{\"Type\":\"idp\",\"Value\":\"local\",\"ValueType\":\"http://www.w3.org/2001/XMLSchema#string\"},{\"Type\":\"amr\",\"Value\":\"pwd\",\"ValueType\":\"http://www.w3.org/2001/XMLSchema#string\"}]},\"IsOpenId\":true,\"RequestedScopes\":[\"openid\"],\"RedirectUri\":\"http://localhost:5173/signin-callback\",\"Nonce\":null,\"StateHash\":\"BknqvmML7mThw1bkRLghpQ\",\"WasConsentShown\":false,\"SessionId\":\"uvG8XPg9yVxvwZbJgRukBg\",\"CodeChallenge\":\"BmZzfIaDZ+0kV07VaHPUofPOL1Dqn0clSSvd2/bb1pY=\",\"CodeChallengeMethod\":\"S256\",\"Properties\":{}}'),('9CormzKiPcxigd2u4oZ2GDxODjHb5c9pVb0aFdh0T+8=','authorization_code','registrareditest','payrollclient','2024-06-01 09:08:00.000000','2024-06-01 09:13:00.000000','{\"CreationTime\":\"2024-06-01T09:08:00Z\",\"Lifetime\":300,\"ClientId\":\"payrollclient\",\"Subject\":{\"AuthenticationType\":\"IdentityServer4\",\"Claims\":[{\"Type\":\"sub\",\"Value\":\"registrareditest\",\"ValueType\":\"http://www.w3.org/2001/XMLSchema#string\"},{\"Type\":\"auth_time\",\"Value\":\"1717228780\",\"ValueType\":\"http://www.w3.org/2001/XMLSchema#string\"},{\"Type\":\"idp\",\"Value\":\"local\",\"ValueType\":\"http://www.w3.org/2001/XMLSchema#string\"},{\"Type\":\"amr\",\"Value\":\"pwd\",\"ValueType\":\"http://www.w3.org/2001/XMLSchema#string\"}]},\"IsOpenId\":true,\"RequestedScopes\":[\"openid\"],\"RedirectUri\":\"http://localhost:5173/signin-callback\",\"Nonce\":null,\"StateHash\":\"Kdkf2-r4dz4osX7D-NLVuQ\",\"WasConsentShown\":false,\"SessionId\":\"uvG8XPg9yVxvwZbJgRukBg\",\"CodeChallenge\":\"+VfaBUQGwvi2+YK081mWsVxL6FOKbtTFh0fBxj+piGw=\",\"CodeChallengeMethod\":\"S256\",\"Properties\":{}}'),('9IGHyON8MBOTnUQ9geJOjZcfj2hZzmljmpVOpCXSqbY=','authorization_code','superadmin','payrollclient','2024-06-01 06:33:00.000000','2024-06-01 06:38:00.000000','{\"CreationTime\":\"2024-06-01T06:33:00Z\",\"Lifetime\":300,\"ClientId\":\"payrollclient\",\"Subject\":{\"AuthenticationType\":\"IdentityServer4\",\"Claims\":[{\"Type\":\"sub\",\"Value\":\"superadmin\",\"ValueType\":\"http://www.w3.org/2001/XMLSchema#string\"},{\"Type\":\"auth_time\",\"Value\":\"1717215698\",\"ValueType\":\"http://www.w3.org/2001/XMLSchema#string\"},{\"Type\":\"idp\",\"Value\":\"local\",\"ValueType\":\"http://www.w3.org/2001/XMLSchema#string\"},{\"Type\":\"amr\",\"Value\":\"pwd\",\"ValueType\":\"http://www.w3.org/2001/XMLSchema#string\"}]},\"IsOpenId\":true,\"RequestedScopes\":[\"openid\"],\"RedirectUri\":\"http://localhost:5173/signin-callback\",\"Nonce\":null,\"StateHash\":\"wtbHlBGjeoffcqWQm5IaNA\",\"WasConsentShown\":false,\"SessionId\":\"_jVHar6Y4TAGyOTsujwIHQ\",\"CodeChallenge\":\"eWbY/MYKpGaXaVeZDPwX72F8RloQg8s7G9Vs7029s2E=\",\"CodeChallengeMethod\":\"S256\",\"Properties\":{}}'),('9U6T/W/IEc0J69EXYowmHWydNVFEJQIRNmY+02WKJjQ=','authorization_code','registrareditest','payrollclient','2024-06-01 08:59:02.000000','2024-06-01 09:04:02.000000','{\"CreationTime\":\"2024-06-01T08:59:02Z\",\"Lifetime\":300,\"ClientId\":\"payrollclient\",\"Subject\":{\"AuthenticationType\":\"IdentityServer4\",\"Claims\":[{\"Type\":\"sub\",\"Value\":\"registrareditest\",\"ValueType\":\"http://www.w3.org/2001/XMLSchema#string\"},{\"Type\":\"auth_time\",\"Value\":\"1717228780\",\"ValueType\":\"http://www.w3.org/2001/XMLSchema#string\"},{\"Type\":\"idp\",\"Value\":\"local\",\"ValueType\":\"http://www.w3.org/2001/XMLSchema#string\"},{\"Type\":\"amr\",\"Value\":\"pwd\",\"ValueType\":\"http://www.w3.org/2001/XMLSchema#string\"}]},\"IsOpenId\":true,\"RequestedScopes\":[\"openid\"],\"RedirectUri\":\"http://localhost:5173/signin-callback\",\"Nonce\":null,\"StateHash\":\"zgRi2nQyxOQKnVJ_2c30tA\",\"WasConsentShown\":false,\"SessionId\":\"uvG8XPg9yVxvwZbJgRukBg\",\"CodeChallenge\":\"A4mz4mfdUPEdGeXqSo/EZMF3I7v7R8CBiAleR8gYQ/M=\",\"CodeChallengeMethod\":\"S256\",\"Properties\":{}}'),('ABMYoDqVAr/S+/v2qyRSCI9+ZcNJO2XlbVmifL1RZuM=','authorization_code','superadmin','payrollclient','2024-06-02 05:02:45.000000','2024-06-02 05:07:45.000000','{\"CreationTime\":\"2024-06-02T05:02:45Z\",\"Lifetime\":300,\"ClientId\":\"payrollclient\",\"Subject\":{\"AuthenticationType\":\"IdentityServer4\",\"Claims\":[{\"Type\":\"sub\",\"Value\":\"superadmin\",\"ValueType\":\"http://www.w3.org/2001/XMLSchema#string\"},{\"Type\":\"auth_time\",\"Value\":\"1717301019\",\"ValueType\":\"http://www.w3.org/2001/XMLSchema#string\"},{\"Type\":\"idp\",\"Value\":\"local\",\"ValueType\":\"http://www.w3.org/2001/XMLSchema#string\"},{\"Type\":\"amr\",\"Value\":\"pwd\",\"ValueType\":\"http://www.w3.org/2001/XMLSchema#string\"}]},\"IsOpenId\":true,\"RequestedScopes\":[\"openid\"],\"RedirectUri\":\"http://localhost:5173/signin-callback\",\"Nonce\":null,\"StateHash\":\"VG0-vSfFvpc-jQiY6iv1lg\",\"WasConsentShown\":false,\"SessionId\":\"ko8tKU2uN51SIPnqZsbo1Q\",\"CodeChallenge\":\"ac/suTtmOcCgSDBXmsan9gsaQPl/f5n76lsA9yQ5VyA=\",\"CodeChallengeMethod\":\"S256\",\"Properties\":{}}'),('ABuIxBSJslC7alvkJkfyVSDSdKQURWdH1wGbt+XlwMU=','authorization_code','superadmin','payrollclient','2024-06-02 05:05:58.000000','2024-06-02 05:10:58.000000','{\"CreationTime\":\"2024-06-02T05:05:58Z\",\"Lifetime\":300,\"ClientId\":\"payrollclient\",\"Subject\":{\"AuthenticationType\":\"IdentityServer4\",\"Claims\":[{\"Type\":\"sub\",\"Value\":\"superadmin\",\"ValueType\":\"http://www.w3.org/2001/XMLSchema#string\"},{\"Type\":\"auth_time\",\"Value\":\"1717301019\",\"ValueType\":\"http://www.w3.org/2001/XMLSchema#string\"},{\"Type\":\"idp\",\"Value\":\"local\",\"ValueType\":\"http://www.w3.org/2001/XMLSchema#string\"},{\"Type\":\"amr\",\"Value\":\"pwd\",\"ValueType\":\"http://www.w3.org/2001/XMLSchema#string\"}]},\"IsOpenId\":true,\"RequestedScopes\":[\"openid\"],\"RedirectUri\":\"http://localhost:5173/signin-callback\",\"Nonce\":null,\"StateHash\":\"PO-bcev1QWbdztQ4N41mmg\",\"WasConsentShown\":false,\"SessionId\":\"ko8tKU2uN51SIPnqZsbo1Q\",\"CodeChallenge\":\"C2pef6qLUJ/6hile180DqgiJCmfoUKewO6OtY3O3Ppg=\",\"CodeChallengeMethod\":\"S256\",\"Properties\":{}}'),('Aw1VrtB4PSRu3+khlNTNJ4NhiTWi2vw7HwEqxk4c5Lw=','authorization_code','superadmin','payrollclient','2024-06-01 06:49:00.000000','2024-06-01 06:54:00.000000','{\"CreationTime\":\"2024-06-01T06:49:00Z\",\"Lifetime\":300,\"ClientId\":\"payrollclient\",\"Subject\":{\"AuthenticationType\":\"IdentityServer4\",\"Claims\":[{\"Type\":\"sub\",\"Value\":\"superadmin\",\"ValueType\":\"http://www.w3.org/2001/XMLSchema#string\"},{\"Type\":\"auth_time\",\"Value\":\"1717215698\",\"ValueType\":\"http://www.w3.org/2001/XMLSchema#string\"},{\"Type\":\"idp\",\"Value\":\"local\",\"ValueType\":\"http://www.w3.org/2001/XMLSchema#string\"},{\"Type\":\"amr\",\"Value\":\"pwd\",\"ValueType\":\"http://www.w3.org/2001/XMLSchema#string\"}]},\"IsOpenId\":true,\"RequestedScopes\":[\"openid\"],\"RedirectUri\":\"http://localhost:5173/signin-callback\",\"Nonce\":null,\"StateHash\":\"RwDTjurGjZJzIz28xkb6Mg\",\"WasConsentShown\":false,\"SessionId\":\"_jVHar6Y4TAGyOTsujwIHQ\",\"CodeChallenge\":\"52/mmkFHBVELs6lLG17Sn1IUFNIBsKRZnUeIAezMZjI=\",\"CodeChallengeMethod\":\"S256\",\"Properties\":{}}'),('AYe8GRM3iAbM4Jpg3cET+Tx6UX/FXGeYuY4X2adPId4=','authorization_code','superadmin','payrollclient','2024-06-01 06:31:00.000000','2024-06-01 06:36:00.000000','{\"CreationTime\":\"2024-06-01T06:31:00Z\",\"Lifetime\":300,\"ClientId\":\"payrollclient\",\"Subject\":{\"AuthenticationType\":\"IdentityServer4\",\"Claims\":[{\"Type\":\"sub\",\"Value\":\"superadmin\",\"ValueType\":\"http://www.w3.org/2001/XMLSchema#string\"},{\"Type\":\"auth_time\",\"Value\":\"1717215698\",\"ValueType\":\"http://www.w3.org/2001/XMLSchema#string\"},{\"Type\":\"idp\",\"Value\":\"local\",\"ValueType\":\"http://www.w3.org/2001/XMLSchema#string\"},{\"Type\":\"amr\",\"Value\":\"pwd\",\"ValueType\":\"http://www.w3.org/2001/XMLSchema#string\"}]},\"IsOpenId\":true,\"RequestedScopes\":[\"openid\"],\"RedirectUri\":\"http://localhost:5173/signin-callback\",\"Nonce\":null,\"StateHash\":\"fYm0VO9QuOsbg3sMCPbDFQ\",\"WasConsentShown\":false,\"SessionId\":\"_jVHar6Y4TAGyOTsujwIHQ\",\"CodeChallenge\":\"H0jhzhr3KG2wTlfHVepAKAVXgj1JbXmGOt1BByTRDkE=\",\"CodeChallengeMethod\":\"S256\",\"Properties\":{}}'),('b8uYm1pU5SuxrugrVPm6TJ7gzuQh4uKNlQYIZNJKVC8=','authorization_code','registrareditest','payrollclient','2024-06-01 08:59:25.000000','2024-06-01 09:04:25.000000','{\"CreationTime\":\"2024-06-01T08:59:25Z\",\"Lifetime\":300,\"ClientId\":\"payrollclient\",\"Subject\":{\"AuthenticationType\":\"IdentityServer4\",\"Claims\":[{\"Type\":\"sub\",\"Value\":\"registrareditest\",\"ValueType\":\"http://www.w3.org/2001/XMLSchema#string\"},{\"Type\":\"auth_time\",\"Value\":\"1717228780\",\"ValueType\":\"http://www.w3.org/2001/XMLSchema#string\"},{\"Type\":\"idp\",\"Value\":\"local\",\"ValueType\":\"http://www.w3.org/2001/XMLSchema#string\"},{\"Type\":\"amr\",\"Value\":\"pwd\",\"ValueType\":\"http://www.w3.org/2001/XMLSchema#string\"}]},\"IsOpenId\":true,\"RequestedScopes\":[\"openid\"],\"RedirectUri\":\"http://localhost:5173/signin-callback\",\"Nonce\":null,\"StateHash\":\"N_et8NtlyL5UPYVPso8fuA\",\"WasConsentShown\":false,\"SessionId\":\"uvG8XPg9yVxvwZbJgRukBg\",\"CodeChallenge\":\"ftQ4HobRFBazQZg0kK11Bihe/iRx4bWki6lvPa9zaco=\",\"CodeChallengeMethod\":\"S256\",\"Properties\":{}}'),('bLVR8t16t7uOTO3lquz2Uwf/n3T5xiVDa1Q0+YWy+50=','authorization_code','registrar12','payrollclient','2024-06-07 01:41:40.000000','2024-06-07 01:46:40.000000','{\"CreationTime\":\"2024-06-07T01:41:40Z\",\"Lifetime\":300,\"ClientId\":\"payrollclient\",\"Subject\":{\"AuthenticationType\":\"IdentityServer4\",\"Claims\":[{\"Type\":\"sub\",\"Value\":\"registrar12\",\"ValueType\":\"http://www.w3.org/2001/XMLSchema#string\"},{\"Type\":\"auth_time\",\"Value\":\"1717720824\",\"ValueType\":\"http://www.w3.org/2001/XMLSchema#string\"},{\"Type\":\"idp\",\"Value\":\"local\",\"ValueType\":\"http://www.w3.org/2001/XMLSchema#string\"},{\"Type\":\"amr\",\"Value\":\"pwd\",\"ValueType\":\"http://www.w3.org/2001/XMLSchema#string\"}]},\"IsOpenId\":true,\"RequestedScopes\":[\"openid\"],\"RedirectUri\":\"http://localhost:5173/signin-callback\",\"Nonce\":null,\"StateHash\":\"_hRC8wT0yToPns-Vs00HuQ\",\"WasConsentShown\":false,\"SessionId\":\"oYa_xD_lZjs_6ZfBu3CsbQ\",\"CodeChallenge\":\"tslROJP5MqWQQ6O8HGmcO4I0RKV3chN7FZtHXks4jeQ=\",\"CodeChallengeMethod\":\"S256\",\"Properties\":{}}'),('C0A/yfnvaMlZaGPsoVq3eDMRf6zam5FemeSiiW6pBHk=','authorization_code','superadmin','payrollclient','2024-06-02 05:02:48.000000','2024-06-02 05:07:48.000000','{\"CreationTime\":\"2024-06-02T05:02:48Z\",\"Lifetime\":300,\"ClientId\":\"payrollclient\",\"Subject\":{\"AuthenticationType\":\"IdentityServer4\",\"Claims\":[{\"Type\":\"sub\",\"Value\":\"superadmin\",\"ValueType\":\"http://www.w3.org/2001/XMLSchema#string\"},{\"Type\":\"auth_time\",\"Value\":\"1717301019\",\"ValueType\":\"http://www.w3.org/2001/XMLSchema#string\"},{\"Type\":\"idp\",\"Value\":\"local\",\"ValueType\":\"http://www.w3.org/2001/XMLSchema#string\"},{\"Type\":\"amr\",\"Value\":\"pwd\",\"ValueType\":\"http://www.w3.org/2001/XMLSchema#string\"}]},\"IsOpenId\":true,\"RequestedScopes\":[\"openid\"],\"RedirectUri\":\"http://localhost:5173/signin-callback\",\"Nonce\":null,\"StateHash\":\"J_Fwv4QqOiRbyx3ivyzNDQ\",\"WasConsentShown\":false,\"SessionId\":\"ko8tKU2uN51SIPnqZsbo1Q\",\"CodeChallenge\":\"Rstm7XHTDRYkUxKThp4mqYLijZw1UBPa6qUNiX66d5E=\",\"CodeChallengeMethod\":\"S256\",\"Properties\":{}}'),('c1X7n6e3V2duZlMj/L30bOOTORZwjZLTFgmOKY5GpTo=','authorization_code','superadmin','payrollclient','2024-06-01 06:33:00.000000','2024-06-01 06:38:00.000000','{\"CreationTime\":\"2024-06-01T06:33:00Z\",\"Lifetime\":300,\"ClientId\":\"payrollclient\",\"Subject\":{\"AuthenticationType\":\"IdentityServer4\",\"Claims\":[{\"Type\":\"sub\",\"Value\":\"superadmin\",\"ValueType\":\"http://www.w3.org/2001/XMLSchema#string\"},{\"Type\":\"auth_time\",\"Value\":\"1717215698\",\"ValueType\":\"http://www.w3.org/2001/XMLSchema#string\"},{\"Type\":\"idp\",\"Value\":\"local\",\"ValueType\":\"http://www.w3.org/2001/XMLSchema#string\"},{\"Type\":\"amr\",\"Value\":\"pwd\",\"ValueType\":\"http://www.w3.org/2001/XMLSchema#string\"}]},\"IsOpenId\":true,\"RequestedScopes\":[\"openid\"],\"RedirectUri\":\"http://localhost:5173/signin-callback\",\"Nonce\":null,\"StateHash\":\"C_Vi0V3iPa-gDw12vabLrg\",\"WasConsentShown\":false,\"SessionId\":\"_jVHar6Y4TAGyOTsujwIHQ\",\"CodeChallenge\":\"g+7QKHIT8eagEFQRxUp2wjxof6TTtFztqF45nwiIBB8=\",\"CodeChallengeMethod\":\"S256\",\"Properties\":{}}'),('CayyKBKamqxlMEzTu7kdVPRKFQhxa3W4lBf6bRK/R2g=','authorization_code','superadmin','payrollclient','2024-06-01 06:35:00.000000','2024-06-01 06:40:00.000000','{\"CreationTime\":\"2024-06-01T06:35:00Z\",\"Lifetime\":300,\"ClientId\":\"payrollclient\",\"Subject\":{\"AuthenticationType\":\"IdentityServer4\",\"Claims\":[{\"Type\":\"sub\",\"Value\":\"superadmin\",\"ValueType\":\"http://www.w3.org/2001/XMLSchema#string\"},{\"Type\":\"auth_time\",\"Value\":\"1717215698\",\"ValueType\":\"http://www.w3.org/2001/XMLSchema#string\"},{\"Type\":\"idp\",\"Value\":\"local\",\"ValueType\":\"http://www.w3.org/2001/XMLSchema#string\"},{\"Type\":\"amr\",\"Value\":\"pwd\",\"ValueType\":\"http://www.w3.org/2001/XMLSchema#string\"}]},\"IsOpenId\":true,\"RequestedScopes\":[\"openid\"],\"RedirectUri\":\"http://localhost:5173/signin-callback\",\"Nonce\":null,\"StateHash\":\"q_6bkpzrhpjEeCOSDn0bdw\",\"WasConsentShown\":false,\"SessionId\":\"_jVHar6Y4TAGyOTsujwIHQ\",\"CodeChallenge\":\"Hygadx2HBgPeyusqgCQdkCExczFFVD+8HGZgcZU+/jo=\",\"CodeChallengeMethod\":\"S256\",\"Properties\":{}}'),('Cn85K/Eukpp9gIxJEu8BQVM/Y8dR/UfSVjzpwYfhy4o=','authorization_code','superadmin','payrollclient','2024-06-02 05:03:01.000000','2024-06-02 05:08:01.000000','{\"CreationTime\":\"2024-06-02T05:03:01Z\",\"Lifetime\":300,\"ClientId\":\"payrollclient\",\"Subject\":{\"AuthenticationType\":\"IdentityServer4\",\"Claims\":[{\"Type\":\"sub\",\"Value\":\"superadmin\",\"ValueType\":\"http://www.w3.org/2001/XMLSchema#string\"},{\"Type\":\"auth_time\",\"Value\":\"1717301019\",\"ValueType\":\"http://www.w3.org/2001/XMLSchema#string\"},{\"Type\":\"idp\",\"Value\":\"local\",\"ValueType\":\"http://www.w3.org/2001/XMLSchema#string\"},{\"Type\":\"amr\",\"Value\":\"pwd\",\"ValueType\":\"http://www.w3.org/2001/XMLSchema#string\"}]},\"IsOpenId\":true,\"RequestedScopes\":[\"openid\"],\"RedirectUri\":\"http://localhost:5173/signin-callback\",\"Nonce\":null,\"StateHash\":\"CJK7EKmo6QeWbPviDGg9Nw\",\"WasConsentShown\":false,\"SessionId\":\"ko8tKU2uN51SIPnqZsbo1Q\",\"CodeChallenge\":\"vqboxAbF6SSdv4jitysIp3gnnTZkp0ossN0T5oqH5mY=\",\"CodeChallengeMethod\":\"S256\",\"Properties\":{}}'),('cqjX0RwlXFPscEvr9E+0BnEy0QJHUYEIkF5Ytx7Zwog=','authorization_code','registrar12','payrollclient','2024-06-05 15:19:01.000000','2024-06-05 15:24:01.000000','{\"CreationTime\":\"2024-06-05T15:19:01Z\",\"Lifetime\":300,\"ClientId\":\"payrollclient\",\"Subject\":{\"AuthenticationType\":\"IdentityServer4\",\"Claims\":[{\"Type\":\"sub\",\"Value\":\"registrar12\",\"ValueType\":\"http://www.w3.org/2001/XMLSchema#string\"},{\"Type\":\"auth_time\",\"Value\":\"1717581053\",\"ValueType\":\"http://www.w3.org/2001/XMLSchema#string\"},{\"Type\":\"idp\",\"Value\":\"local\",\"ValueType\":\"http://www.w3.org/2001/XMLSchema#string\"},{\"Type\":\"amr\",\"Value\":\"pwd\",\"ValueType\":\"http://www.w3.org/2001/XMLSchema#string\"}]},\"IsOpenId\":true,\"RequestedScopes\":[\"openid\"],\"RedirectUri\":\"http://localhost:5173/signin-callback\",\"Nonce\":null,\"StateHash\":\"Gu6U0mSD0eRr_hC4Py7wgw\",\"WasConsentShown\":false,\"SessionId\":\"xvs9Kai53jVOKSnoC6VhyQ\",\"CodeChallenge\":\"6y1ZNfzlFrrWo4hG2G4V9Azgk9ntp1QHsCzO8/3MSJ8=\",\"CodeChallengeMethod\":\"S256\",\"Properties\":{}}'),('cWLJVOmdfJFjIfE0mqWAX+rsAzqt7ZJP/06oEMXP0fg=','authorization_code','superadmin','payrollclient','2024-06-01 06:55:00.000000','2024-06-01 07:00:00.000000','{\"CreationTime\":\"2024-06-01T06:55:00Z\",\"Lifetime\":300,\"ClientId\":\"payrollclient\",\"Subject\":{\"AuthenticationType\":\"IdentityServer4\",\"Claims\":[{\"Type\":\"sub\",\"Value\":\"superadmin\",\"ValueType\":\"http://www.w3.org/2001/XMLSchema#string\"},{\"Type\":\"auth_time\",\"Value\":\"1717215698\",\"ValueType\":\"http://www.w3.org/2001/XMLSchema#string\"},{\"Type\":\"idp\",\"Value\":\"local\",\"ValueType\":\"http://www.w3.org/2001/XMLSchema#string\"},{\"Type\":\"amr\",\"Value\":\"pwd\",\"ValueType\":\"http://www.w3.org/2001/XMLSchema#string\"}]},\"IsOpenId\":true,\"RequestedScopes\":[\"openid\"],\"RedirectUri\":\"http://localhost:5173/signin-callback\",\"Nonce\":null,\"StateHash\":\"5xLqkdFu8wfAC0CSK33hzg\",\"WasConsentShown\":false,\"SessionId\":\"_jVHar6Y4TAGyOTsujwIHQ\",\"CodeChallenge\":\"AXuZT7gclMJoSKEE1ZglyR0DIbLLiW2kWL954YGMzsc=\",\"CodeChallengeMethod\":\"S256\",\"Properties\":{}}'),('d1cYfu2+re9ElxKBU9ucEVizLSZrEXFCA+k65GvcH9o=','authorization_code','registrareditest','payrollclient','2024-06-01 08:59:17.000000','2024-06-01 09:04:17.000000','{\"CreationTime\":\"2024-06-01T08:59:17Z\",\"Lifetime\":300,\"ClientId\":\"payrollclient\",\"Subject\":{\"AuthenticationType\":\"IdentityServer4\",\"Claims\":[{\"Type\":\"sub\",\"Value\":\"registrareditest\",\"ValueType\":\"http://www.w3.org/2001/XMLSchema#string\"},{\"Type\":\"auth_time\",\"Value\":\"1717228780\",\"ValueType\":\"http://www.w3.org/2001/XMLSchema#string\"},{\"Type\":\"idp\",\"Value\":\"local\",\"ValueType\":\"http://www.w3.org/2001/XMLSchema#string\"},{\"Type\":\"amr\",\"Value\":\"pwd\",\"ValueType\":\"http://www.w3.org/2001/XMLSchema#string\"}]},\"IsOpenId\":true,\"RequestedScopes\":[\"openid\"],\"RedirectUri\":\"http://localhost:5173/signin-callback\",\"Nonce\":null,\"StateHash\":\"nS4L7X5ohZsnmmhnDIcn6A\",\"WasConsentShown\":false,\"SessionId\":\"uvG8XPg9yVxvwZbJgRukBg\",\"CodeChallenge\":\"8sSbTO2MuZqUR8b//YdpPIK87dCoix9xhE4eGFZObso=\",\"CodeChallengeMethod\":\"S256\",\"Properties\":{}}'),('DdopMlJTyly/KOx1EuXb2tsJW1TcqBKdyq7GcCFsvmk=','authorization_code','superadmin','payrollclient','2024-06-02 05:03:03.000000','2024-06-02 05:08:03.000000','{\"CreationTime\":\"2024-06-02T05:03:03Z\",\"Lifetime\":300,\"ClientId\":\"payrollclient\",\"Subject\":{\"AuthenticationType\":\"IdentityServer4\",\"Claims\":[{\"Type\":\"sub\",\"Value\":\"superadmin\",\"ValueType\":\"http://www.w3.org/2001/XMLSchema#string\"},{\"Type\":\"auth_time\",\"Value\":\"1717301019\",\"ValueType\":\"http://www.w3.org/2001/XMLSchema#string\"},{\"Type\":\"idp\",\"Value\":\"local\",\"ValueType\":\"http://www.w3.org/2001/XMLSchema#string\"},{\"Type\":\"amr\",\"Value\":\"pwd\",\"ValueType\":\"http://www.w3.org/2001/XMLSchema#string\"}]},\"IsOpenId\":true,\"RequestedScopes\":[\"openid\"],\"RedirectUri\":\"http://localhost:5173/signin-callback\",\"Nonce\":null,\"StateHash\":\"1YhQek6mxEhALj2uWQuLdw\",\"WasConsentShown\":false,\"SessionId\":\"ko8tKU2uN51SIPnqZsbo1Q\",\"CodeChallenge\":\"0ZlbvX+QVrEmP+I7Av0kIgQMsM6NnzNuwi/fnDcTLgI=\",\"CodeChallengeMethod\":\"S256\",\"Properties\":{}}'),('dQFwPzF/dAVuGbsH4fLXsw+2vuKHvBcoeG6QMmseHsc=','authorization_code','superadmin','payrollclient','2024-06-01 06:19:00.000000','2024-06-01 06:24:00.000000','{\"CreationTime\":\"2024-06-01T06:19:00Z\",\"Lifetime\":300,\"ClientId\":\"payrollclient\",\"Subject\":{\"AuthenticationType\":\"IdentityServer4\",\"Claims\":[{\"Type\":\"sub\",\"Value\":\"superadmin\",\"ValueType\":\"http://www.w3.org/2001/XMLSchema#string\"},{\"Type\":\"auth_time\",\"Value\":\"1717215698\",\"ValueType\":\"http://www.w3.org/2001/XMLSchema#string\"},{\"Type\":\"idp\",\"Value\":\"local\",\"ValueType\":\"http://www.w3.org/2001/XMLSchema#string\"},{\"Type\":\"amr\",\"Value\":\"pwd\",\"ValueType\":\"http://www.w3.org/2001/XMLSchema#string\"}]},\"IsOpenId\":true,\"RequestedScopes\":[\"openid\"],\"RedirectUri\":\"http://localhost:5173/signin-callback\",\"Nonce\":null,\"StateHash\":\"xt02BIC3-kJ7ZWChxnCqeQ\",\"WasConsentShown\":false,\"SessionId\":\"_jVHar6Y4TAGyOTsujwIHQ\",\"CodeChallenge\":\"sRH65u9+a18Pfw526syO0c9fBvmWIqWC5wcAItmb1Dg=\",\"CodeChallengeMethod\":\"S256\",\"Properties\":{}}'),('e2yxvm1LhFYqfpGXj6kIQe8Tupc4BUW3e08igEuGDFI=','authorization_code','superadmin','payrollclient','2024-06-02 05:03:13.000000','2024-06-02 05:08:13.000000','{\"CreationTime\":\"2024-06-02T05:03:13Z\",\"Lifetime\":300,\"ClientId\":\"payrollclient\",\"Subject\":{\"AuthenticationType\":\"IdentityServer4\",\"Claims\":[{\"Type\":\"sub\",\"Value\":\"superadmin\",\"ValueType\":\"http://www.w3.org/2001/XMLSchema#string\"},{\"Type\":\"auth_time\",\"Value\":\"1717301019\",\"ValueType\":\"http://www.w3.org/2001/XMLSchema#string\"},{\"Type\":\"idp\",\"Value\":\"local\",\"ValueType\":\"http://www.w3.org/2001/XMLSchema#string\"},{\"Type\":\"amr\",\"Value\":\"pwd\",\"ValueType\":\"http://www.w3.org/2001/XMLSchema#string\"}]},\"IsOpenId\":true,\"RequestedScopes\":[\"openid\"],\"RedirectUri\":\"http://localhost:5173/signin-callback\",\"Nonce\":null,\"StateHash\":\"hkvLNPKv1FascE5i2armYQ\",\"WasConsentShown\":false,\"SessionId\":\"ko8tKU2uN51SIPnqZsbo1Q\",\"CodeChallenge\":\"is/Pnmk5OgNFL1/kQ4diyXEyYMzSVWY4JbCw5O28T/o=\",\"CodeChallengeMethod\":\"S256\",\"Properties\":{}}'),('E7TKS0DsBL/NSy2Zw/2QNYRycXsPLexVX4Va05QwZK4=','authorization_code','joshuaharvillecaranzo@gmail.com','payrollclient','2024-06-06 23:19:40.000000','2024-06-06 23:24:40.000000','{\"CreationTime\":\"2024-06-06T23:19:40Z\",\"Lifetime\":300,\"ClientId\":\"payrollclient\",\"Subject\":{\"AuthenticationType\":\"IdentityServer4\",\"Claims\":[{\"Type\":\"sub\",\"Value\":\"joshuaharvillecaranzo@gmail.com\",\"ValueType\":\"http://www.w3.org/2001/XMLSchema#string\"},{\"Type\":\"auth_time\",\"Value\":\"1717692038\",\"ValueType\":\"http://www.w3.org/2001/XMLSchema#string\"},{\"Type\":\"idp\",\"Value\":\"local\",\"ValueType\":\"http://www.w3.org/2001/XMLSchema#string\"},{\"Type\":\"amr\",\"Value\":\"pwd\",\"ValueType\":\"http://www.w3.org/2001/XMLSchema#string\"}]},\"IsOpenId\":true,\"RequestedScopes\":[\"openid\"],\"RedirectUri\":\"http://localhost:5173/signin-callback\",\"Nonce\":null,\"StateHash\":\"7EBaXo34sKwNZWvKd3q7og\",\"WasConsentShown\":false,\"SessionId\":\"y96Fn9Z7j3_-gh0iExW_JQ\",\"CodeChallenge\":\"13nxvu+ouHiRf9mnLEHTYQWzL0T/ROijCvund3iwteQ=\",\"CodeChallengeMethod\":\"S256\",\"Properties\":{}}'),('eCpHSLQhzWrjk+hSI1SSwOLzk7H52+kM7Kv2FsvOQ2w=','authorization_code','registrareditest','payrollclient','2024-06-01 09:20:00.000000','2024-06-01 09:25:00.000000','{\"CreationTime\":\"2024-06-01T09:20:00Z\",\"Lifetime\":300,\"ClientId\":\"payrollclient\",\"Subject\":{\"AuthenticationType\":\"IdentityServer4\",\"Claims\":[{\"Type\":\"sub\",\"Value\":\"registrareditest\",\"ValueType\":\"http://www.w3.org/2001/XMLSchema#string\"},{\"Type\":\"auth_time\",\"Value\":\"1717228780\",\"ValueType\":\"http://www.w3.org/2001/XMLSchema#string\"},{\"Type\":\"idp\",\"Value\":\"local\",\"ValueType\":\"http://www.w3.org/2001/XMLSchema#string\"},{\"Type\":\"amr\",\"Value\":\"pwd\",\"ValueType\":\"http://www.w3.org/2001/XMLSchema#string\"}]},\"IsOpenId\":true,\"RequestedScopes\":[\"openid\"],\"RedirectUri\":\"http://localhost:5173/signin-callback\",\"Nonce\":null,\"StateHash\":\"LJJy95_58dQKCxI8HGwGgA\",\"WasConsentShown\":false,\"SessionId\":\"uvG8XPg9yVxvwZbJgRukBg\",\"CodeChallenge\":\"i8zBtdV7ktgdvihN3nAis2B8Wj4pNQU1v/kMpol4RSA=\",\"CodeChallengeMethod\":\"S256\",\"Properties\":{}}'),('F5g4kPcFyHqtgz5QzJ0UCcS8dzTSW3QbE8kkGBqGVmU=','authorization_code','registrareditest','payrollclient','2024-06-01 09:02:00.000000','2024-06-01 09:07:00.000000','{\"CreationTime\":\"2024-06-01T09:02:00Z\",\"Lifetime\":300,\"ClientId\":\"payrollclient\",\"Subject\":{\"AuthenticationType\":\"IdentityServer4\",\"Claims\":[{\"Type\":\"sub\",\"Value\":\"registrareditest\",\"ValueType\":\"http://www.w3.org/2001/XMLSchema#string\"},{\"Type\":\"auth_time\",\"Value\":\"1717228780\",\"ValueType\":\"http://www.w3.org/2001/XMLSchema#string\"},{\"Type\":\"idp\",\"Value\":\"local\",\"ValueType\":\"http://www.w3.org/2001/XMLSchema#string\"},{\"Type\":\"amr\",\"Value\":\"pwd\",\"ValueType\":\"http://www.w3.org/2001/XMLSchema#string\"}]},\"IsOpenId\":true,\"RequestedScopes\":[\"openid\"],\"RedirectUri\":\"http://localhost:5173/signin-callback\",\"Nonce\":null,\"StateHash\":\"GLKfcyeOgeJPSFIUiDyTpw\",\"WasConsentShown\":false,\"SessionId\":\"uvG8XPg9yVxvwZbJgRukBg\",\"CodeChallenge\":\"X1ZO0uNhMYYoc9ry98SVxHaaspWLOhbiQsRXsx2k9tQ=\",\"CodeChallengeMethod\":\"S256\",\"Properties\":{}}'),('F7EPtKSAqEc0sNJhXCFkpbGIfqYitMXIHRUEGuAR8aQ=','authorization_code','superadmin','payrollclient','2024-06-01 06:45:00.000000','2024-06-01 06:50:00.000000','{\"CreationTime\":\"2024-06-01T06:45:00Z\",\"Lifetime\":300,\"ClientId\":\"payrollclient\",\"Subject\":{\"AuthenticationType\":\"IdentityServer4\",\"Claims\":[{\"Type\":\"sub\",\"Value\":\"superadmin\",\"ValueType\":\"http://www.w3.org/2001/XMLSchema#string\"},{\"Type\":\"auth_time\",\"Value\":\"1717215698\",\"ValueType\":\"http://www.w3.org/2001/XMLSchema#string\"},{\"Type\":\"idp\",\"Value\":\"local\",\"ValueType\":\"http://www.w3.org/2001/XMLSchema#string\"},{\"Type\":\"amr\",\"Value\":\"pwd\",\"ValueType\":\"http://www.w3.org/2001/XMLSchema#string\"}]},\"IsOpenId\":true,\"RequestedScopes\":[\"openid\"],\"RedirectUri\":\"http://localhost:5173/signin-callback\",\"Nonce\":null,\"StateHash\":\"qTlMitN1puN988N1uyBCYA\",\"WasConsentShown\":false,\"SessionId\":\"_jVHar6Y4TAGyOTsujwIHQ\",\"CodeChallenge\":\"XzNyj0F0TqgdDrof8xmv6sJeA08VTqiPX2CD7Jip8+U=\",\"CodeChallengeMethod\":\"S256\",\"Properties\":{}}'),('FChA+7dglUt1qF2gpmvCBNLiJNJJ8Gy5i2H9ykgGCW8=','authorization_code','superadmin','payrollclient','2024-06-01 06:23:00.000000','2024-06-01 06:28:00.000000','{\"CreationTime\":\"2024-06-01T06:23:00Z\",\"Lifetime\":300,\"ClientId\":\"payrollclient\",\"Subject\":{\"AuthenticationType\":\"IdentityServer4\",\"Claims\":[{\"Type\":\"sub\",\"Value\":\"superadmin\",\"ValueType\":\"http://www.w3.org/2001/XMLSchema#string\"},{\"Type\":\"auth_time\",\"Value\":\"1717215698\",\"ValueType\":\"http://www.w3.org/2001/XMLSchema#string\"},{\"Type\":\"idp\",\"Value\":\"local\",\"ValueType\":\"http://www.w3.org/2001/XMLSchema#string\"},{\"Type\":\"amr\",\"Value\":\"pwd\",\"ValueType\":\"http://www.w3.org/2001/XMLSchema#string\"}]},\"IsOpenId\":true,\"RequestedScopes\":[\"openid\"],\"RedirectUri\":\"http://localhost:5173/signin-callback\",\"Nonce\":null,\"StateHash\":\"PgaxzbMNOmBQNorOzHq_ZQ\",\"WasConsentShown\":false,\"SessionId\":\"_jVHar6Y4TAGyOTsujwIHQ\",\"CodeChallenge\":\"YihXi33tkpYTwHxPuMH2DwcnwT/8KOYld1FpmOOOpoM=\",\"CodeChallengeMethod\":\"S256\",\"Properties\":{}}'),('FWbK4x3rfVwQRy7DqCymVkErqu6qJjKT7g3DWH1gofo=','authorization_code','superadmin','payrollclient','2024-06-01 06:15:00.000000','2024-06-01 06:20:00.000000','{\"CreationTime\":\"2024-06-01T06:15:00Z\",\"Lifetime\":300,\"ClientId\":\"payrollclient\",\"Subject\":{\"AuthenticationType\":\"IdentityServer4\",\"Claims\":[{\"Type\":\"sub\",\"Value\":\"superadmin\",\"ValueType\":\"http://www.w3.org/2001/XMLSchema#string\"},{\"Type\":\"auth_time\",\"Value\":\"1717215698\",\"ValueType\":\"http://www.w3.org/2001/XMLSchema#string\"},{\"Type\":\"idp\",\"Value\":\"local\",\"ValueType\":\"http://www.w3.org/2001/XMLSchema#string\"},{\"Type\":\"amr\",\"Value\":\"pwd\",\"ValueType\":\"http://www.w3.org/2001/XMLSchema#string\"}]},\"IsOpenId\":true,\"RequestedScopes\":[\"openid\"],\"RedirectUri\":\"http://localhost:5173/signin-callback\",\"Nonce\":null,\"StateHash\":\"ntU_0P4qmjrotY1_vb4oKA\",\"WasConsentShown\":false,\"SessionId\":\"_jVHar6Y4TAGyOTsujwIHQ\",\"CodeChallenge\":\"IqjtZxtplRvhjoTNkZTnYizRv1RynxFTdMpzE5XXNac=\",\"CodeChallengeMethod\":\"S256\",\"Properties\":{}}'),('gdYlZRGfv10t9YwUBjbKTHCqsFkaw0MzyVIstJ+dpLk=','authorization_code','registrareditest','payrollclient','2024-06-01 09:36:00.000000','2024-06-01 09:41:00.000000','{\"CreationTime\":\"2024-06-01T09:36:00Z\",\"Lifetime\":300,\"ClientId\":\"payrollclient\",\"Subject\":{\"AuthenticationType\":\"IdentityServer4\",\"Claims\":[{\"Type\":\"sub\",\"Value\":\"registrareditest\",\"ValueType\":\"http://www.w3.org/2001/XMLSchema#string\"},{\"Type\":\"auth_time\",\"Value\":\"1717228780\",\"ValueType\":\"http://www.w3.org/2001/XMLSchema#string\"},{\"Type\":\"idp\",\"Value\":\"local\",\"ValueType\":\"http://www.w3.org/2001/XMLSchema#string\"},{\"Type\":\"amr\",\"Value\":\"pwd\",\"ValueType\":\"http://www.w3.org/2001/XMLSchema#string\"}]},\"IsOpenId\":true,\"RequestedScopes\":[\"openid\"],\"RedirectUri\":\"http://localhost:5173/signin-callback\",\"Nonce\":null,\"StateHash\":\"UOyOx1SJBhrY7AcCKWbXhw\",\"WasConsentShown\":false,\"SessionId\":\"uvG8XPg9yVxvwZbJgRukBg\",\"CodeChallenge\":\"CmYpZNuSBDQgPgPKFvc8KHuv6dvb2voqeQz3x8GIJmo=\",\"CodeChallengeMethod\":\"S256\",\"Properties\":{}}'),('GK/8K3FJilsVPr5OS/DpKflHshKuuQz7/RtadSGKi1U=','authorization_code','superadmin','payrollclient','2024-06-01 06:31:00.000000','2024-06-01 06:36:00.000000','{\"CreationTime\":\"2024-06-01T06:31:00Z\",\"Lifetime\":300,\"ClientId\":\"payrollclient\",\"Subject\":{\"AuthenticationType\":\"IdentityServer4\",\"Claims\":[{\"Type\":\"sub\",\"Value\":\"superadmin\",\"ValueType\":\"http://www.w3.org/2001/XMLSchema#string\"},{\"Type\":\"auth_time\",\"Value\":\"1717215698\",\"ValueType\":\"http://www.w3.org/2001/XMLSchema#string\"},{\"Type\":\"idp\",\"Value\":\"local\",\"ValueType\":\"http://www.w3.org/2001/XMLSchema#string\"},{\"Type\":\"amr\",\"Value\":\"pwd\",\"ValueType\":\"http://www.w3.org/2001/XMLSchema#string\"}]},\"IsOpenId\":true,\"RequestedScopes\":[\"openid\"],\"RedirectUri\":\"http://localhost:5173/signin-callback\",\"Nonce\":null,\"StateHash\":\"kfb5fpPPrY6HmSSG24hEkA\",\"WasConsentShown\":false,\"SessionId\":\"_jVHar6Y4TAGyOTsujwIHQ\",\"CodeChallenge\":\"YmOR9WacAp5Z1Xl2kvr16k0eh6iXhLG1Gsw6agtQvUU=\",\"CodeChallengeMethod\":\"S256\",\"Properties\":{}}'),('gUlRSmUdsJxgb+388timNuxXb3x2rnasSIbdRU89rpA=','authorization_code','registrar12','payrollclient','2024-06-03 08:05:03.000000','2024-06-03 08:10:03.000000','{\"CreationTime\":\"2024-06-03T08:05:03Z\",\"Lifetime\":300,\"ClientId\":\"payrollclient\",\"Subject\":{\"AuthenticationType\":\"IdentityServer4\",\"Claims\":[{\"Type\":\"sub\",\"Value\":\"registrar12\",\"ValueType\":\"http://www.w3.org/2001/XMLSchema#string\"},{\"Type\":\"auth_time\",\"Value\":\"1717401903\",\"ValueType\":\"http://www.w3.org/2001/XMLSchema#string\"},{\"Type\":\"idp\",\"Value\":\"local\",\"ValueType\":\"http://www.w3.org/2001/XMLSchema#string\"},{\"Type\":\"amr\",\"Value\":\"pwd\",\"ValueType\":\"http://www.w3.org/2001/XMLSchema#string\"}]},\"IsOpenId\":true,\"RequestedScopes\":[\"openid\"],\"RedirectUri\":\"http://localhost:5173/signin-callback\",\"Nonce\":null,\"StateHash\":\"q9Muu-h7sznKYT7JfH-pfA\",\"WasConsentShown\":false,\"SessionId\":\"UxmF-FfGzKqfnMNKoyT5_g\",\"CodeChallenge\":\"uSMllSiDNgepSrftMmiaMqwFMqc+LObIKyU7Q5AraVE=\",\"CodeChallengeMethod\":\"S256\",\"Properties\":{}}'),('H4GjrFGkqx2cVqqSBuhtErz2EIqFMeyLvR9QD+laADI=','authorization_code','registrareditest','payrollclient','2024-06-01 08:59:00.000000','2024-06-01 09:04:00.000000','{\"CreationTime\":\"2024-06-01T08:59:00Z\",\"Lifetime\":300,\"ClientId\":\"payrollclient\",\"Subject\":{\"AuthenticationType\":\"IdentityServer4\",\"Claims\":[{\"Type\":\"sub\",\"Value\":\"registrareditest\",\"ValueType\":\"http://www.w3.org/2001/XMLSchema#string\"},{\"Type\":\"auth_time\",\"Value\":\"1717228780\",\"ValueType\":\"http://www.w3.org/2001/XMLSchema#string\"},{\"Type\":\"idp\",\"Value\":\"local\",\"ValueType\":\"http://www.w3.org/2001/XMLSchema#string\"},{\"Type\":\"amr\",\"Value\":\"pwd\",\"ValueType\":\"http://www.w3.org/2001/XMLSchema#string\"}]},\"IsOpenId\":true,\"RequestedScopes\":[\"openid\"],\"RedirectUri\":\"http://localhost:5173/signin-callback\",\"Nonce\":null,\"StateHash\":\"g2WePYtrpsrFAjs2UlUrMA\",\"WasConsentShown\":false,\"SessionId\":\"uvG8XPg9yVxvwZbJgRukBg\",\"CodeChallenge\":\"7KmLysq8qXlSZpXFyhiFdefGyugwnPB2pt2kqAg8/MU=\",\"CodeChallengeMethod\":\"S256\",\"Properties\":{}}'),('hC692xjeVQ2niPb1QUK7eT6rarqhrcRBAFTu7JHRFLc=','authorization_code','superadmin','payrollclient','2024-06-01 06:45:00.000000','2024-06-01 06:50:00.000000','{\"CreationTime\":\"2024-06-01T06:45:00Z\",\"Lifetime\":300,\"ClientId\":\"payrollclient\",\"Subject\":{\"AuthenticationType\":\"IdentityServer4\",\"Claims\":[{\"Type\":\"sub\",\"Value\":\"superadmin\",\"ValueType\":\"http://www.w3.org/2001/XMLSchema#string\"},{\"Type\":\"auth_time\",\"Value\":\"1717215698\",\"ValueType\":\"http://www.w3.org/2001/XMLSchema#string\"},{\"Type\":\"idp\",\"Value\":\"local\",\"ValueType\":\"http://www.w3.org/2001/XMLSchema#string\"},{\"Type\":\"amr\",\"Value\":\"pwd\",\"ValueType\":\"http://www.w3.org/2001/XMLSchema#string\"}]},\"IsOpenId\":true,\"RequestedScopes\":[\"openid\"],\"RedirectUri\":\"http://localhost:5173/signin-callback\",\"Nonce\":null,\"StateHash\":\"C5U6muyF-qvvulziJab_5Q\",\"WasConsentShown\":false,\"SessionId\":\"_jVHar6Y4TAGyOTsujwIHQ\",\"CodeChallenge\":\"DxrzLtFM6SGIDMS3QoFhMi6fKrQKUvU4TqekVECKNOY=\",\"CodeChallengeMethod\":\"S256\",\"Properties\":{}}'),('HHit9bFMJM8Mjydfw8y7pDsny4j0mxp/8SooSuMJXsU=','authorization_code','superadmin','payrollclient','2024-06-01 06:25:00.000000','2024-06-01 06:30:00.000000','{\"CreationTime\":\"2024-06-01T06:25:00Z\",\"Lifetime\":300,\"ClientId\":\"payrollclient\",\"Subject\":{\"AuthenticationType\":\"IdentityServer4\",\"Claims\":[{\"Type\":\"sub\",\"Value\":\"superadmin\",\"ValueType\":\"http://www.w3.org/2001/XMLSchema#string\"},{\"Type\":\"auth_time\",\"Value\":\"1717215698\",\"ValueType\":\"http://www.w3.org/2001/XMLSchema#string\"},{\"Type\":\"idp\",\"Value\":\"local\",\"ValueType\":\"http://www.w3.org/2001/XMLSchema#string\"},{\"Type\":\"amr\",\"Value\":\"pwd\",\"ValueType\":\"http://www.w3.org/2001/XMLSchema#string\"}]},\"IsOpenId\":true,\"RequestedScopes\":[\"openid\"],\"RedirectUri\":\"http://localhost:5173/signin-callback\",\"Nonce\":null,\"StateHash\":\"NSFSH77mqDv2G5MZUcMNeA\",\"WasConsentShown\":false,\"SessionId\":\"_jVHar6Y4TAGyOTsujwIHQ\",\"CodeChallenge\":\"8v6pL5KlNFWEcwNArcD259M5FmgGsWho1jP55+II/Ks=\",\"CodeChallengeMethod\":\"S256\",\"Properties\":{}}'),('HKUAefTNkM4ww3R6EM/En1M5pMnDD1eV3bKeBY9haTY=','authorization_code','superadmin','payrollclient','2024-06-01 06:55:00.000000','2024-06-01 07:00:00.000000','{\"CreationTime\":\"2024-06-01T06:55:00Z\",\"Lifetime\":300,\"ClientId\":\"payrollclient\",\"Subject\":{\"AuthenticationType\":\"IdentityServer4\",\"Claims\":[{\"Type\":\"sub\",\"Value\":\"superadmin\",\"ValueType\":\"http://www.w3.org/2001/XMLSchema#string\"},{\"Type\":\"auth_time\",\"Value\":\"1717215698\",\"ValueType\":\"http://www.w3.org/2001/XMLSchema#string\"},{\"Type\":\"idp\",\"Value\":\"local\",\"ValueType\":\"http://www.w3.org/2001/XMLSchema#string\"},{\"Type\":\"amr\",\"Value\":\"pwd\",\"ValueType\":\"http://www.w3.org/2001/XMLSchema#string\"}]},\"IsOpenId\":true,\"RequestedScopes\":[\"openid\"],\"RedirectUri\":\"http://localhost:5173/signin-callback\",\"Nonce\":null,\"StateHash\":\"HAalDXm9FYNRkEyoOTmH2Q\",\"WasConsentShown\":false,\"SessionId\":\"_jVHar6Y4TAGyOTsujwIHQ\",\"CodeChallenge\":\"tMGHsKOMdSe1NXFB7NWq3ebAM8+PDvI5XPUXXCKzDuc=\",\"CodeChallengeMethod\":\"S256\",\"Properties\":{}}'),('HZg2ZqerOkyIP5E8J6WJsfdxAZwiwqgShQatqYBs0Qs=','authorization_code','superadmin','payrollclient','2024-06-01 06:21:00.000000','2024-06-01 06:26:00.000000','{\"CreationTime\":\"2024-06-01T06:21:00Z\",\"Lifetime\":300,\"ClientId\":\"payrollclient\",\"Subject\":{\"AuthenticationType\":\"IdentityServer4\",\"Claims\":[{\"Type\":\"sub\",\"Value\":\"superadmin\",\"ValueType\":\"http://www.w3.org/2001/XMLSchema#string\"},{\"Type\":\"auth_time\",\"Value\":\"1717215698\",\"ValueType\":\"http://www.w3.org/2001/XMLSchema#string\"},{\"Type\":\"idp\",\"Value\":\"local\",\"ValueType\":\"http://www.w3.org/2001/XMLSchema#string\"},{\"Type\":\"amr\",\"Value\":\"pwd\",\"ValueType\":\"http://www.w3.org/2001/XMLSchema#string\"}]},\"IsOpenId\":true,\"RequestedScopes\":[\"openid\"],\"RedirectUri\":\"http://localhost:5173/signin-callback\",\"Nonce\":null,\"StateHash\":\"uDbBHMqa8bY8evGCW98Aqg\",\"WasConsentShown\":false,\"SessionId\":\"_jVHar6Y4TAGyOTsujwIHQ\",\"CodeChallenge\":\"XFtqcNvOim8ZKEeQ6oE0z/S9Z6nYKdGytUHt05+J6oE=\",\"CodeChallengeMethod\":\"S256\",\"Properties\":{}}'),('i1aO5S6S9UJ5YQxftCvidrZ5bQHWDyFCfHE6e2bkWbA=','authorization_code','registrareditest','payrollclient','2024-06-01 09:26:00.000000','2024-06-01 09:31:00.000000','{\"CreationTime\":\"2024-06-01T09:26:00Z\",\"Lifetime\":300,\"ClientId\":\"payrollclient\",\"Subject\":{\"AuthenticationType\":\"IdentityServer4\",\"Claims\":[{\"Type\":\"sub\",\"Value\":\"registrareditest\",\"ValueType\":\"http://www.w3.org/2001/XMLSchema#string\"},{\"Type\":\"auth_time\",\"Value\":\"1717228780\",\"ValueType\":\"http://www.w3.org/2001/XMLSchema#string\"},{\"Type\":\"idp\",\"Value\":\"local\",\"ValueType\":\"http://www.w3.org/2001/XMLSchema#string\"},{\"Type\":\"amr\",\"Value\":\"pwd\",\"ValueType\":\"http://www.w3.org/2001/XMLSchema#string\"}]},\"IsOpenId\":true,\"RequestedScopes\":[\"openid\"],\"RedirectUri\":\"http://localhost:5173/signin-callback\",\"Nonce\":null,\"StateHash\":\"cnSmC5lapwOOFBTx5kKggw\",\"WasConsentShown\":false,\"SessionId\":\"uvG8XPg9yVxvwZbJgRukBg\",\"CodeChallenge\":\"+1fUpGS6rnTByvub7ggEb+BjOh/Bl8uqNEsscyyng8U=\",\"CodeChallengeMethod\":\"S256\",\"Properties\":{}}'),('IiZWxzJzbC1oNgebcQp62UXwwSBJgKz0/R5ag2DXXu4=','authorization_code','registrareditest','payrollclient','2024-06-01 09:32:00.000000','2024-06-01 09:37:00.000000','{\"CreationTime\":\"2024-06-01T09:32:00Z\",\"Lifetime\":300,\"ClientId\":\"payrollclient\",\"Subject\":{\"AuthenticationType\":\"IdentityServer4\",\"Claims\":[{\"Type\":\"sub\",\"Value\":\"registrareditest\",\"ValueType\":\"http://www.w3.org/2001/XMLSchema#string\"},{\"Type\":\"auth_time\",\"Value\":\"1717228780\",\"ValueType\":\"http://www.w3.org/2001/XMLSchema#string\"},{\"Type\":\"idp\",\"Value\":\"local\",\"ValueType\":\"http://www.w3.org/2001/XMLSchema#string\"},{\"Type\":\"amr\",\"Value\":\"pwd\",\"ValueType\":\"http://www.w3.org/2001/XMLSchema#string\"}]},\"IsOpenId\":true,\"RequestedScopes\":[\"openid\"],\"RedirectUri\":\"http://localhost:5173/signin-callback\",\"Nonce\":null,\"StateHash\":\"sY8Qz6f6DPSLXQhoZk7WbQ\",\"WasConsentShown\":false,\"SessionId\":\"uvG8XPg9yVxvwZbJgRukBg\",\"CodeChallenge\":\"qS/Z8r0AQ4VVIOnF8sr1ocGOhvqXGqp8C0uWrn+p5d4=\",\"CodeChallengeMethod\":\"S256\",\"Properties\":{}}'),('ikp0lDjXtXHQ/+Vud5FGFfSFNTU2B7H9qiauyuMkrcc=','authorization_code','registrareditest','payrollclient','2024-06-01 09:14:00.000000','2024-06-01 09:19:00.000000','{\"CreationTime\":\"2024-06-01T09:14:00Z\",\"Lifetime\":300,\"ClientId\":\"payrollclient\",\"Subject\":{\"AuthenticationType\":\"IdentityServer4\",\"Claims\":[{\"Type\":\"sub\",\"Value\":\"registrareditest\",\"ValueType\":\"http://www.w3.org/2001/XMLSchema#string\"},{\"Type\":\"auth_time\",\"Value\":\"1717228780\",\"ValueType\":\"http://www.w3.org/2001/XMLSchema#string\"},{\"Type\":\"idp\",\"Value\":\"local\",\"ValueType\":\"http://www.w3.org/2001/XMLSchema#string\"},{\"Type\":\"amr\",\"Value\":\"pwd\",\"ValueType\":\"http://www.w3.org/2001/XMLSchema#string\"}]},\"IsOpenId\":true,\"RequestedScopes\":[\"openid\"],\"RedirectUri\":\"http://localhost:5173/signin-callback\",\"Nonce\":null,\"StateHash\":\"BrCEv0mVyIQqODzXNhSurg\",\"WasConsentShown\":false,\"SessionId\":\"uvG8XPg9yVxvwZbJgRukBg\",\"CodeChallenge\":\"+9CPamPodWOHTFLkeWMVOWwdPyzA4QcWrWvy3CNYjcI=\",\"CodeChallengeMethod\":\"S256\",\"Properties\":{}}'),('ixKbentNSMkTLCA44+70AIbhjMAiK2Ae7ULmNeUPboE=','authorization_code','superadmin','payrollclient','2024-06-01 06:51:00.000000','2024-06-01 06:56:00.000000','{\"CreationTime\":\"2024-06-01T06:51:00Z\",\"Lifetime\":300,\"ClientId\":\"payrollclient\",\"Subject\":{\"AuthenticationType\":\"IdentityServer4\",\"Claims\":[{\"Type\":\"sub\",\"Value\":\"superadmin\",\"ValueType\":\"http://www.w3.org/2001/XMLSchema#string\"},{\"Type\":\"auth_time\",\"Value\":\"1717215698\",\"ValueType\":\"http://www.w3.org/2001/XMLSchema#string\"},{\"Type\":\"idp\",\"Value\":\"local\",\"ValueType\":\"http://www.w3.org/2001/XMLSchema#string\"},{\"Type\":\"amr\",\"Value\":\"pwd\",\"ValueType\":\"http://www.w3.org/2001/XMLSchema#string\"}]},\"IsOpenId\":true,\"RequestedScopes\":[\"openid\"],\"RedirectUri\":\"http://localhost:5173/signin-callback\",\"Nonce\":null,\"StateHash\":\"OOqBT-q6kJjnhE1utbwRsQ\",\"WasConsentShown\":false,\"SessionId\":\"_jVHar6Y4TAGyOTsujwIHQ\",\"CodeChallenge\":\"578kHtOmk4ctd3qYZf7hzT9fw3x1TqhFlY1j/0MzUYo=\",\"CodeChallengeMethod\":\"S256\",\"Properties\":{}}'),('jb3WVcFSIVC+RyQE/oFBrlrJ3Z8TtMcFT7+wWeyCEeA=','authorization_code','registrareditest','payrollclient','2024-06-01 09:44:00.000000','2024-06-01 09:49:00.000000','{\"CreationTime\":\"2024-06-01T09:44:00Z\",\"Lifetime\":300,\"ClientId\":\"payrollclient\",\"Subject\":{\"AuthenticationType\":\"IdentityServer4\",\"Claims\":[{\"Type\":\"sub\",\"Value\":\"registrareditest\",\"ValueType\":\"http://www.w3.org/2001/XMLSchema#string\"},{\"Type\":\"auth_time\",\"Value\":\"1717228780\",\"ValueType\":\"http://www.w3.org/2001/XMLSchema#string\"},{\"Type\":\"idp\",\"Value\":\"local\",\"ValueType\":\"http://www.w3.org/2001/XMLSchema#string\"},{\"Type\":\"amr\",\"Value\":\"pwd\",\"ValueType\":\"http://www.w3.org/2001/XMLSchema#string\"}]},\"IsOpenId\":true,\"RequestedScopes\":[\"openid\"],\"RedirectUri\":\"http://localhost:5173/signin-callback\",\"Nonce\":null,\"StateHash\":\"sz3zuyRVJ_D7oghUva3-Dg\",\"WasConsentShown\":false,\"SessionId\":\"uvG8XPg9yVxvwZbJgRukBg\",\"CodeChallenge\":\"cJQr4KpqzLHmSC8jO/JBfLta4LYMLVQ/gIhBNe1OM5k=\",\"CodeChallengeMethod\":\"S256\",\"Properties\":{}}'),('jbCfF6VFUZpTuz8VhwFK4kSakWUAMq+VGmBSwSfuPXI=','authorization_code','registrareditest','payrollclient','2024-06-01 08:59:06.000000','2024-06-01 09:04:06.000000','{\"CreationTime\":\"2024-06-01T08:59:06Z\",\"Lifetime\":300,\"ClientId\":\"payrollclient\",\"Subject\":{\"AuthenticationType\":\"IdentityServer4\",\"Claims\":[{\"Type\":\"sub\",\"Value\":\"registrareditest\",\"ValueType\":\"http://www.w3.org/2001/XMLSchema#string\"},{\"Type\":\"auth_time\",\"Value\":\"1717228780\",\"ValueType\":\"http://www.w3.org/2001/XMLSchema#string\"},{\"Type\":\"idp\",\"Value\":\"local\",\"ValueType\":\"http://www.w3.org/2001/XMLSchema#string\"},{\"Type\":\"amr\",\"Value\":\"pwd\",\"ValueType\":\"http://www.w3.org/2001/XMLSchema#string\"}]},\"IsOpenId\":true,\"RequestedScopes\":[\"openid\"],\"RedirectUri\":\"http://localhost:5173/signin-callback\",\"Nonce\":null,\"StateHash\":\"qt3Omw1OYx1yYzuD84P_WQ\",\"WasConsentShown\":false,\"SessionId\":\"uvG8XPg9yVxvwZbJgRukBg\",\"CodeChallenge\":\"QiHw+lpnhx5mo/Z4yj3ZDJobXuOMUR/jTg5Fag2Ga80=\",\"CodeChallengeMethod\":\"S256\",\"Properties\":{}}'),('jBmnu/LmbwV0/w0wmtb/uaDNRNnDQtOCjC9CJPJMOkI=','authorization_code','registrareditest','payrollclient','2024-06-01 09:06:00.000000','2024-06-01 09:11:00.000000','{\"CreationTime\":\"2024-06-01T09:06:00Z\",\"Lifetime\":300,\"ClientId\":\"payrollclient\",\"Subject\":{\"AuthenticationType\":\"IdentityServer4\",\"Claims\":[{\"Type\":\"sub\",\"Value\":\"registrareditest\",\"ValueType\":\"http://www.w3.org/2001/XMLSchema#string\"},{\"Type\":\"auth_time\",\"Value\":\"1717228780\",\"ValueType\":\"http://www.w3.org/2001/XMLSchema#string\"},{\"Type\":\"idp\",\"Value\":\"local\",\"ValueType\":\"http://www.w3.org/2001/XMLSchema#string\"},{\"Type\":\"amr\",\"Value\":\"pwd\",\"ValueType\":\"http://www.w3.org/2001/XMLSchema#string\"}]},\"IsOpenId\":true,\"RequestedScopes\":[\"openid\"],\"RedirectUri\":\"http://localhost:5173/signin-callback\",\"Nonce\":null,\"StateHash\":\"FN-shLW_QIcosBAb2RLX1A\",\"WasConsentShown\":false,\"SessionId\":\"uvG8XPg9yVxvwZbJgRukBg\",\"CodeChallenge\":\"mQjqnx/nqAEPfNd+vhGE+fjyslNFXZTFzLhETOcIx6A=\",\"CodeChallengeMethod\":\"S256\",\"Properties\":{}}'),('jjGxEMPQaIn74vFAf9H0+P/DKdS4+HibMRa8tlOwzOY=','authorization_code','superadmin','payrollclient','2024-06-02 05:03:28.000000','2024-06-02 05:08:28.000000','{\"CreationTime\":\"2024-06-02T05:03:28Z\",\"Lifetime\":300,\"ClientId\":\"payrollclient\",\"Subject\":{\"AuthenticationType\":\"IdentityServer4\",\"Claims\":[{\"Type\":\"sub\",\"Value\":\"superadmin\",\"ValueType\":\"http://www.w3.org/2001/XMLSchema#string\"},{\"Type\":\"auth_time\",\"Value\":\"1717301019\",\"ValueType\":\"http://www.w3.org/2001/XMLSchema#string\"},{\"Type\":\"idp\",\"Value\":\"local\",\"ValueType\":\"http://www.w3.org/2001/XMLSchema#string\"},{\"Type\":\"amr\",\"Value\":\"pwd\",\"ValueType\":\"http://www.w3.org/2001/XMLSchema#string\"}]},\"IsOpenId\":true,\"RequestedScopes\":[\"openid\"],\"RedirectUri\":\"http://localhost:5173/signin-callback\",\"Nonce\":null,\"StateHash\":\"I9tFbwdjS-zOQmpqYoI1WA\",\"WasConsentShown\":false,\"SessionId\":\"ko8tKU2uN51SIPnqZsbo1Q\",\"CodeChallenge\":\"+spRq2D51Ulgp7eDBbwPTZyp++JJVRJ70+448+Nlzoc=\",\"CodeChallengeMethod\":\"S256\",\"Properties\":{}}'),('jk5yFYfUz9uVr+JQpuYEfIDVfP4B98eBDsiZpeDhd0o=','authorization_code','registrareditest','payrollclient','2024-06-01 08:59:27.000000','2024-06-01 09:04:27.000000','{\"CreationTime\":\"2024-06-01T08:59:27Z\",\"Lifetime\":300,\"ClientId\":\"payrollclient\",\"Subject\":{\"AuthenticationType\":\"IdentityServer4\",\"Claims\":[{\"Type\":\"sub\",\"Value\":\"registrareditest\",\"ValueType\":\"http://www.w3.org/2001/XMLSchema#string\"},{\"Type\":\"auth_time\",\"Value\":\"1717228780\",\"ValueType\":\"http://www.w3.org/2001/XMLSchema#string\"},{\"Type\":\"idp\",\"Value\":\"local\",\"ValueType\":\"http://www.w3.org/2001/XMLSchema#string\"},{\"Type\":\"amr\",\"Value\":\"pwd\",\"ValueType\":\"http://www.w3.org/2001/XMLSchema#string\"}]},\"IsOpenId\":true,\"RequestedScopes\":[\"openid\"],\"RedirectUri\":\"http://localhost:5173/signin-callback\",\"Nonce\":null,\"StateHash\":\"SNaPlJOOweDB0LtbUr6JXg\",\"WasConsentShown\":false,\"SessionId\":\"uvG8XPg9yVxvwZbJgRukBg\",\"CodeChallenge\":\"Wl7dJTxDjxW3MJC24hK6YimqpeFP80KOakHmS6gEMSI=\",\"CodeChallengeMethod\":\"S256\",\"Properties\":{}}'),('JM0bN6R9QfPvrDJDdv841w+utxFdpGyoXFlH8lx/2xw=','authorization_code','superadmin','payrollclient','2024-06-02 05:02:50.000000','2024-06-02 05:07:50.000000','{\"CreationTime\":\"2024-06-02T05:02:50Z\",\"Lifetime\":300,\"ClientId\":\"payrollclient\",\"Subject\":{\"AuthenticationType\":\"IdentityServer4\",\"Claims\":[{\"Type\":\"sub\",\"Value\":\"superadmin\",\"ValueType\":\"http://www.w3.org/2001/XMLSchema#string\"},{\"Type\":\"auth_time\",\"Value\":\"1717301019\",\"ValueType\":\"http://www.w3.org/2001/XMLSchema#string\"},{\"Type\":\"idp\",\"Value\":\"local\",\"ValueType\":\"http://www.w3.org/2001/XMLSchema#string\"},{\"Type\":\"amr\",\"Value\":\"pwd\",\"ValueType\":\"http://www.w3.org/2001/XMLSchema#string\"}]},\"IsOpenId\":true,\"RequestedScopes\":[\"openid\"],\"RedirectUri\":\"http://localhost:5173/signin-callback\",\"Nonce\":null,\"StateHash\":\"09PfXVubppNMnTMO1G37QA\",\"WasConsentShown\":false,\"SessionId\":\"ko8tKU2uN51SIPnqZsbo1Q\",\"CodeChallenge\":\"Mv0cH8C1G08f8duDSCkgZNZ/Jjl2z5sS7MEBe+t3grg=\",\"CodeChallengeMethod\":\"S256\",\"Properties\":{}}'),('JPjX2EHd8yO8WXNdLtxnKnepX1HuN3D+JxFpWL+umA4=','authorization_code','superadmin','payrollclient','2024-06-01 06:53:00.000000','2024-06-01 06:58:00.000000','{\"CreationTime\":\"2024-06-01T06:53:00Z\",\"Lifetime\":300,\"ClientId\":\"payrollclient\",\"Subject\":{\"AuthenticationType\":\"IdentityServer4\",\"Claims\":[{\"Type\":\"sub\",\"Value\":\"superadmin\",\"ValueType\":\"http://www.w3.org/2001/XMLSchema#string\"},{\"Type\":\"auth_time\",\"Value\":\"1717215698\",\"ValueType\":\"http://www.w3.org/2001/XMLSchema#string\"},{\"Type\":\"idp\",\"Value\":\"local\",\"ValueType\":\"http://www.w3.org/2001/XMLSchema#string\"},{\"Type\":\"amr\",\"Value\":\"pwd\",\"ValueType\":\"http://www.w3.org/2001/XMLSchema#string\"}]},\"IsOpenId\":true,\"RequestedScopes\":[\"openid\"],\"RedirectUri\":\"http://localhost:5173/signin-callback\",\"Nonce\":null,\"StateHash\":\"BhF5cJH6_ki0ehV8JOyyOg\",\"WasConsentShown\":false,\"SessionId\":\"_jVHar6Y4TAGyOTsujwIHQ\",\"CodeChallenge\":\"wV9AKIxziHLUUe7HD2uCC7joRk5gGpjVp0afGLzQgrk=\",\"CodeChallengeMethod\":\"S256\",\"Properties\":{}}'),('Jwhg8dq1Ymeji+57foamIghWojxq2hb0680uqel4Pso=','authorization_code','registrareditest','payrollclient','2024-06-01 09:22:00.000000','2024-06-01 09:27:00.000000','{\"CreationTime\":\"2024-06-01T09:22:00Z\",\"Lifetime\":300,\"ClientId\":\"payrollclient\",\"Subject\":{\"AuthenticationType\":\"IdentityServer4\",\"Claims\":[{\"Type\":\"sub\",\"Value\":\"registrareditest\",\"ValueType\":\"http://www.w3.org/2001/XMLSchema#string\"},{\"Type\":\"auth_time\",\"Value\":\"1717228780\",\"ValueType\":\"http://www.w3.org/2001/XMLSchema#string\"},{\"Type\":\"idp\",\"Value\":\"local\",\"ValueType\":\"http://www.w3.org/2001/XMLSchema#string\"},{\"Type\":\"amr\",\"Value\":\"pwd\",\"ValueType\":\"http://www.w3.org/2001/XMLSchema#string\"}]},\"IsOpenId\":true,\"RequestedScopes\":[\"openid\"],\"RedirectUri\":\"http://localhost:5173/signin-callback\",\"Nonce\":null,\"StateHash\":\"DowkzRgBQ0Oz5FhmEyr_vQ\",\"WasConsentShown\":false,\"SessionId\":\"uvG8XPg9yVxvwZbJgRukBg\",\"CodeChallenge\":\"CDL6a5On9lJoWgN2oWHXrINwhh8QVia1NtJqOjvszjM=\",\"CodeChallengeMethod\":\"S256\",\"Properties\":{}}'),('k7S+EolXcrfLvIgZXM7qgP+vmbC6znA2oaAGWt93yHw=','authorization_code','superadmin','payrollclient','2024-06-02 05:02:59.000000','2024-06-02 05:07:59.000000','{\"CreationTime\":\"2024-06-02T05:02:59Z\",\"Lifetime\":300,\"ClientId\":\"payrollclient\",\"Subject\":{\"AuthenticationType\":\"IdentityServer4\",\"Claims\":[{\"Type\":\"sub\",\"Value\":\"superadmin\",\"ValueType\":\"http://www.w3.org/2001/XMLSchema#string\"},{\"Type\":\"auth_time\",\"Value\":\"1717301019\",\"ValueType\":\"http://www.w3.org/2001/XMLSchema#string\"},{\"Type\":\"idp\",\"Value\":\"local\",\"ValueType\":\"http://www.w3.org/2001/XMLSchema#string\"},{\"Type\":\"amr\",\"Value\":\"pwd\",\"ValueType\":\"http://www.w3.org/2001/XMLSchema#string\"}]},\"IsOpenId\":true,\"RequestedScopes\":[\"openid\"],\"RedirectUri\":\"http://localhost:5173/signin-callback\",\"Nonce\":null,\"StateHash\":\"HXp_G6ZaTpjULMjIdRsLlg\",\"WasConsentShown\":false,\"SessionId\":\"ko8tKU2uN51SIPnqZsbo1Q\",\"CodeChallenge\":\"XUBBG0HrxSEJL+J+s0gYkNUvGnzX5EfiwqVKK/uRYgk=\",\"CodeChallengeMethod\":\"S256\",\"Properties\":{}}'),('KEJmH5t+lqZ1W1E+AkSp6ng6q5KRLiJi17MljasVpxw=','authorization_code','registrareditest','payrollclient','2024-06-01 09:30:00.000000','2024-06-01 09:35:00.000000','{\"CreationTime\":\"2024-06-01T09:30:00Z\",\"Lifetime\":300,\"ClientId\":\"payrollclient\",\"Subject\":{\"AuthenticationType\":\"IdentityServer4\",\"Claims\":[{\"Type\":\"sub\",\"Value\":\"registrareditest\",\"ValueType\":\"http://www.w3.org/2001/XMLSchema#string\"},{\"Type\":\"auth_time\",\"Value\":\"1717228780\",\"ValueType\":\"http://www.w3.org/2001/XMLSchema#string\"},{\"Type\":\"idp\",\"Value\":\"local\",\"ValueType\":\"http://www.w3.org/2001/XMLSchema#string\"},{\"Type\":\"amr\",\"Value\":\"pwd\",\"ValueType\":\"http://www.w3.org/2001/XMLSchema#string\"}]},\"IsOpenId\":true,\"RequestedScopes\":[\"openid\"],\"RedirectUri\":\"http://localhost:5173/signin-callback\",\"Nonce\":null,\"StateHash\":\"fcpSFJYQDn3Ov9LAOtxCEQ\",\"WasConsentShown\":false,\"SessionId\":\"uvG8XPg9yVxvwZbJgRukBg\",\"CodeChallenge\":\"4+IwEh3YaeTBa1i5NmQCecFpT19yWT+dhopHII7X9h0=\",\"CodeChallengeMethod\":\"S256\",\"Properties\":{}}'),('KUUQwHcDqyc/T5iaSWVXmnA6GsFOR6xSkoUecTiGFwM=','authorization_code','registrareditest','payrollclient','2024-06-01 09:42:00.000000','2024-06-01 09:47:00.000000','{\"CreationTime\":\"2024-06-01T09:42:00Z\",\"Lifetime\":300,\"ClientId\":\"payrollclient\",\"Subject\":{\"AuthenticationType\":\"IdentityServer4\",\"Claims\":[{\"Type\":\"sub\",\"Value\":\"registrareditest\",\"ValueType\":\"http://www.w3.org/2001/XMLSchema#string\"},{\"Type\":\"auth_time\",\"Value\":\"1717228780\",\"ValueType\":\"http://www.w3.org/2001/XMLSchema#string\"},{\"Type\":\"idp\",\"Value\":\"local\",\"ValueType\":\"http://www.w3.org/2001/XMLSchema#string\"},{\"Type\":\"amr\",\"Value\":\"pwd\",\"ValueType\":\"http://www.w3.org/2001/XMLSchema#string\"}]},\"IsOpenId\":true,\"RequestedScopes\":[\"openid\"],\"RedirectUri\":\"http://localhost:5173/signin-callback\",\"Nonce\":null,\"StateHash\":\"cgHS2Ddk9kBikNohIyKVhQ\",\"WasConsentShown\":false,\"SessionId\":\"uvG8XPg9yVxvwZbJgRukBg\",\"CodeChallenge\":\"wCysJPHlZcrQzMmvpqNByZZA98MLtYdXhVKnZOXQhw0=\",\"CodeChallengeMethod\":\"S256\",\"Properties\":{}}'),('l8JgysvQh9dcke9xu4f9NGyIsqiOy9bsrucFC17dO9o=','authorization_code','registrareditest','payrollclient','2024-06-01 09:00:00.000000','2024-06-01 09:05:00.000000','{\"CreationTime\":\"2024-06-01T09:00:00Z\",\"Lifetime\":300,\"ClientId\":\"payrollclient\",\"Subject\":{\"AuthenticationType\":\"IdentityServer4\",\"Claims\":[{\"Type\":\"sub\",\"Value\":\"registrareditest\",\"ValueType\":\"http://www.w3.org/2001/XMLSchema#string\"},{\"Type\":\"auth_time\",\"Value\":\"1717228780\",\"ValueType\":\"http://www.w3.org/2001/XMLSchema#string\"},{\"Type\":\"idp\",\"Value\":\"local\",\"ValueType\":\"http://www.w3.org/2001/XMLSchema#string\"},{\"Type\":\"amr\",\"Value\":\"pwd\",\"ValueType\":\"http://www.w3.org/2001/XMLSchema#string\"}]},\"IsOpenId\":true,\"RequestedScopes\":[\"openid\"],\"RedirectUri\":\"http://localhost:5173/signin-callback\",\"Nonce\":null,\"StateHash\":\"huBQSgKQLFLVnuReqCXwVg\",\"WasConsentShown\":false,\"SessionId\":\"uvG8XPg9yVxvwZbJgRukBg\",\"CodeChallenge\":\"ZNtHUvWiFlmHS3bTKRmWW2hSBlC2BLyGZJLRe3zxAQQ=\",\"CodeChallengeMethod\":\"S256\",\"Properties\":{}}'),('L9ESavldobLvPnSnbkhgNnORG9WELUdPkhB75rirX5Y=','authorization_code','superadmin','payrollclient','2024-06-02 05:02:44.000000','2024-06-02 05:07:44.000000','{\"CreationTime\":\"2024-06-02T05:02:44Z\",\"Lifetime\":300,\"ClientId\":\"payrollclient\",\"Subject\":{\"AuthenticationType\":\"IdentityServer4\",\"Claims\":[{\"Type\":\"sub\",\"Value\":\"superadmin\",\"ValueType\":\"http://www.w3.org/2001/XMLSchema#string\"},{\"Type\":\"auth_time\",\"Value\":\"1717301019\",\"ValueType\":\"http://www.w3.org/2001/XMLSchema#string\"},{\"Type\":\"idp\",\"Value\":\"local\",\"ValueType\":\"http://www.w3.org/2001/XMLSchema#string\"},{\"Type\":\"amr\",\"Value\":\"pwd\",\"ValueType\":\"http://www.w3.org/2001/XMLSchema#string\"}]},\"IsOpenId\":true,\"RequestedScopes\":[\"openid\"],\"RedirectUri\":\"http://localhost:5173/signin-callback\",\"Nonce\":null,\"StateHash\":\"7QXHWGTV4-M7amaE2tVoPA\",\"WasConsentShown\":false,\"SessionId\":\"ko8tKU2uN51SIPnqZsbo1Q\",\"CodeChallenge\":\"i8PHIt0lrpAbLuhP/44wj3wFETTw+zbqyUJpyr1Ww8w=\",\"CodeChallengeMethod\":\"S256\",\"Properties\":{}}'),('LhQ3S4AiDdlD+aHXTnDZyMGhcKVD4QXxVLcHsLgzwM0=','authorization_code','superadmin','payrollclient','2024-06-01 06:41:00.000000','2024-06-01 06:46:00.000000','{\"CreationTime\":\"2024-06-01T06:41:00Z\",\"Lifetime\":300,\"ClientId\":\"payrollclient\",\"Subject\":{\"AuthenticationType\":\"IdentityServer4\",\"Claims\":[{\"Type\":\"sub\",\"Value\":\"superadmin\",\"ValueType\":\"http://www.w3.org/2001/XMLSchema#string\"},{\"Type\":\"auth_time\",\"Value\":\"1717215698\",\"ValueType\":\"http://www.w3.org/2001/XMLSchema#string\"},{\"Type\":\"idp\",\"Value\":\"local\",\"ValueType\":\"http://www.w3.org/2001/XMLSchema#string\"},{\"Type\":\"amr\",\"Value\":\"pwd\",\"ValueType\":\"http://www.w3.org/2001/XMLSchema#string\"}]},\"IsOpenId\":true,\"RequestedScopes\":[\"openid\"],\"RedirectUri\":\"http://localhost:5173/signin-callback\",\"Nonce\":null,\"StateHash\":\"80WAY5xZtvCUxS84le4QJQ\",\"WasConsentShown\":false,\"SessionId\":\"_jVHar6Y4TAGyOTsujwIHQ\",\"CodeChallenge\":\"Wsv79CPI6MZKFNLmntmTr5k6Oo12ZSx+wUKazjggEu4=\",\"CodeChallengeMethod\":\"S256\",\"Properties\":{}}'),('lwtjwkQoWuwUW7FrgLnNDUu/d+em0+i9vWb51VD7Qlo=','authorization_code','superadmin','payrollclient','2024-06-01 07:57:32.000000','2024-06-01 08:02:32.000000','{\"CreationTime\":\"2024-06-01T07:57:32Z\",\"Lifetime\":300,\"ClientId\":\"payrollclient\",\"Subject\":{\"AuthenticationType\":\"IdentityServer4\",\"Claims\":[{\"Type\":\"sub\",\"Value\":\"superadmin\",\"ValueType\":\"http://www.w3.org/2001/XMLSchema#string\"},{\"Type\":\"auth_time\",\"Value\":\"1717228652\",\"ValueType\":\"http://www.w3.org/2001/XMLSchema#string\"},{\"Type\":\"idp\",\"Value\":\"local\",\"ValueType\":\"http://www.w3.org/2001/XMLSchema#string\"},{\"Type\":\"amr\",\"Value\":\"pwd\",\"ValueType\":\"http://www.w3.org/2001/XMLSchema#string\"}]},\"IsOpenId\":true,\"RequestedScopes\":[\"openid\"],\"RedirectUri\":\"http://localhost:5173/signin-callback\",\"Nonce\":null,\"StateHash\":\"EasVPkebAT6dkbYq1LoP5Q\",\"WasConsentShown\":false,\"SessionId\":\"9l1huAIIa9mqJNvqFjZOlQ\",\"CodeChallenge\":\"0GBDeCOC6A7DnlsD0UX+YFa5RovYwANmEJ31T7UD8sA=\",\"CodeChallengeMethod\":\"S256\",\"Properties\":{}}'),('M75kskQDKcGCKxNVqLgcixmDotpfY2oKsfpzfBUE2Ek=','authorization_code','registrareditest','payrollclient','2024-06-01 09:16:00.000000','2024-06-01 09:21:00.000000','{\"CreationTime\":\"2024-06-01T09:16:00Z\",\"Lifetime\":300,\"ClientId\":\"payrollclient\",\"Subject\":{\"AuthenticationType\":\"IdentityServer4\",\"Claims\":[{\"Type\":\"sub\",\"Value\":\"registrareditest\",\"ValueType\":\"http://www.w3.org/2001/XMLSchema#string\"},{\"Type\":\"auth_time\",\"Value\":\"1717228780\",\"ValueType\":\"http://www.w3.org/2001/XMLSchema#string\"},{\"Type\":\"idp\",\"Value\":\"local\",\"ValueType\":\"http://www.w3.org/2001/XMLSchema#string\"},{\"Type\":\"amr\",\"Value\":\"pwd\",\"ValueType\":\"http://www.w3.org/2001/XMLSchema#string\"}]},\"IsOpenId\":true,\"RequestedScopes\":[\"openid\"],\"RedirectUri\":\"http://localhost:5173/signin-callback\",\"Nonce\":null,\"StateHash\":\"BMmcp56O11HJu2Vqu8ix6g\",\"WasConsentShown\":false,\"SessionId\":\"uvG8XPg9yVxvwZbJgRukBg\",\"CodeChallenge\":\"eiPT3fX30pszN8wJ/I9clLLKiaKg4Zrc3Q383vsA0tI=\",\"CodeChallengeMethod\":\"S256\",\"Properties\":{}}'),('mDDOAPNjicb7A6easFe+28L+1GuQHHr8I7kRE5kStys=','authorization_code','superadmin','payrollclient','2024-06-02 05:02:49.000000','2024-06-02 05:07:49.000000','{\"CreationTime\":\"2024-06-02T05:02:49Z\",\"Lifetime\":300,\"ClientId\":\"payrollclient\",\"Subject\":{\"AuthenticationType\":\"IdentityServer4\",\"Claims\":[{\"Type\":\"sub\",\"Value\":\"superadmin\",\"ValueType\":\"http://www.w3.org/2001/XMLSchema#string\"},{\"Type\":\"auth_time\",\"Value\":\"1717301019\",\"ValueType\":\"http://www.w3.org/2001/XMLSchema#string\"},{\"Type\":\"idp\",\"Value\":\"local\",\"ValueType\":\"http://www.w3.org/2001/XMLSchema#string\"},{\"Type\":\"amr\",\"Value\":\"pwd\",\"ValueType\":\"http://www.w3.org/2001/XMLSchema#string\"}]},\"IsOpenId\":true,\"RequestedScopes\":[\"openid\"],\"RedirectUri\":\"http://localhost:5173/signin-callback\",\"Nonce\":null,\"StateHash\":\"0ORHZYe3Fv97uPxoQigwtQ\",\"WasConsentShown\":false,\"SessionId\":\"ko8tKU2uN51SIPnqZsbo1Q\",\"CodeChallenge\":\"bdzA1uR85le60aU6iH83T2L5pw5jq0mPGWlSC+EyWSg=\",\"CodeChallengeMethod\":\"S256\",\"Properties\":{}}'),('MMMHgIqC9uaHJFbOWYjYSdZySj/x8HfnxmdwUU0Sn28=','authorization_code','superadmin','payrollclient','2024-06-01 06:37:00.000000','2024-06-01 06:42:00.000000','{\"CreationTime\":\"2024-06-01T06:37:00Z\",\"Lifetime\":300,\"ClientId\":\"payrollclient\",\"Subject\":{\"AuthenticationType\":\"IdentityServer4\",\"Claims\":[{\"Type\":\"sub\",\"Value\":\"superadmin\",\"ValueType\":\"http://www.w3.org/2001/XMLSchema#string\"},{\"Type\":\"auth_time\",\"Value\":\"1717215698\",\"ValueType\":\"http://www.w3.org/2001/XMLSchema#string\"},{\"Type\":\"idp\",\"Value\":\"local\",\"ValueType\":\"http://www.w3.org/2001/XMLSchema#string\"},{\"Type\":\"amr\",\"Value\":\"pwd\",\"ValueType\":\"http://www.w3.org/2001/XMLSchema#string\"}]},\"IsOpenId\":true,\"RequestedScopes\":[\"openid\"],\"RedirectUri\":\"http://localhost:5173/signin-callback\",\"Nonce\":null,\"StateHash\":\"2jDfBY9E0wlVAcXo6uWdkA\",\"WasConsentShown\":false,\"SessionId\":\"_jVHar6Y4TAGyOTsujwIHQ\",\"CodeChallenge\":\"t2KZb6lO6bOK8HHrsUIfyAtzi4MgyQJ6VrTf8rOWcsk=\",\"CodeChallengeMethod\":\"S256\",\"Properties\":{}}'),('mQweubCcIPG/Vhemqk5SIFFqr+4mGOZhh1Lkto2EI6U=','authorization_code','superadmin','payrollclient','2024-06-01 06:43:00.000000','2024-06-01 06:48:00.000000','{\"CreationTime\":\"2024-06-01T06:43:00Z\",\"Lifetime\":300,\"ClientId\":\"payrollclient\",\"Subject\":{\"AuthenticationType\":\"IdentityServer4\",\"Claims\":[{\"Type\":\"sub\",\"Value\":\"superadmin\",\"ValueType\":\"http://www.w3.org/2001/XMLSchema#string\"},{\"Type\":\"auth_time\",\"Value\":\"1717215698\",\"ValueType\":\"http://www.w3.org/2001/XMLSchema#string\"},{\"Type\":\"idp\",\"Value\":\"local\",\"ValueType\":\"http://www.w3.org/2001/XMLSchema#string\"},{\"Type\":\"amr\",\"Value\":\"pwd\",\"ValueType\":\"http://www.w3.org/2001/XMLSchema#string\"}]},\"IsOpenId\":true,\"RequestedScopes\":[\"openid\"],\"RedirectUri\":\"http://localhost:5173/signin-callback\",\"Nonce\":null,\"StateHash\":\"l8n1i34jYyPerbrqvf2Ecw\",\"WasConsentShown\":false,\"SessionId\":\"_jVHar6Y4TAGyOTsujwIHQ\",\"CodeChallenge\":\"RpIvGbgPHgYsFPNBeykP4sCBLQilp/rc/RcC/T6Ooeo=\",\"CodeChallengeMethod\":\"S256\",\"Properties\":{}}'),('MRVg+CBXNrNvsl6kj5dJSMhLh8ifEveLzGqbHMl4cTA=','authorization_code','joshuaharvillecaranzo@gmail.com','payrollclient','2024-06-06 23:20:40.000000','2024-06-06 23:25:40.000000','{\"CreationTime\":\"2024-06-06T23:20:40Z\",\"Lifetime\":300,\"ClientId\":\"payrollclient\",\"Subject\":{\"AuthenticationType\":\"IdentityServer4\",\"Claims\":[{\"Type\":\"sub\",\"Value\":\"joshuaharvillecaranzo@gmail.com\",\"ValueType\":\"http://www.w3.org/2001/XMLSchema#string\"},{\"Type\":\"auth_time\",\"Value\":\"1717692038\",\"ValueType\":\"http://www.w3.org/2001/XMLSchema#string\"},{\"Type\":\"idp\",\"Value\":\"local\",\"ValueType\":\"http://www.w3.org/2001/XMLSchema#string\"},{\"Type\":\"amr\",\"Value\":\"pwd\",\"ValueType\":\"http://www.w3.org/2001/XMLSchema#string\"}]},\"IsOpenId\":true,\"RequestedScopes\":[\"openid\"],\"RedirectUri\":\"http://localhost:5173/signin-callback\",\"Nonce\":null,\"StateHash\":\"s0ZbvAXBRliQHhp8k1LwpA\",\"WasConsentShown\":false,\"SessionId\":\"y96Fn9Z7j3_-gh0iExW_JQ\",\"CodeChallenge\":\"tGVgkM8hdA6pweUhizKjfhv4/iWRh2aS1Drz56BSy1k=\",\"CodeChallengeMethod\":\"S256\",\"Properties\":{}}'),('msfrRkGczDIt6RMdcjb0w1hPh9URGyV4/oREZdhTGqM=','authorization_code','registrareditest','payrollclient','2024-06-01 09:28:00.000000','2024-06-01 09:33:00.000000','{\"CreationTime\":\"2024-06-01T09:28:00Z\",\"Lifetime\":300,\"ClientId\":\"payrollclient\",\"Subject\":{\"AuthenticationType\":\"IdentityServer4\",\"Claims\":[{\"Type\":\"sub\",\"Value\":\"registrareditest\",\"ValueType\":\"http://www.w3.org/2001/XMLSchema#string\"},{\"Type\":\"auth_time\",\"Value\":\"1717228780\",\"ValueType\":\"http://www.w3.org/2001/XMLSchema#string\"},{\"Type\":\"idp\",\"Value\":\"local\",\"ValueType\":\"http://www.w3.org/2001/XMLSchema#string\"},{\"Type\":\"amr\",\"Value\":\"pwd\",\"ValueType\":\"http://www.w3.org/2001/XMLSchema#string\"}]},\"IsOpenId\":true,\"RequestedScopes\":[\"openid\"],\"RedirectUri\":\"http://localhost:5173/signin-callback\",\"Nonce\":null,\"StateHash\":\"Kq4nQhFcXQxjlto3uchj3A\",\"WasConsentShown\":false,\"SessionId\":\"uvG8XPg9yVxvwZbJgRukBg\",\"CodeChallenge\":\"aU9KHES8B2TAaQMc6DV2mObid4zNM9AqrtBPeKQqRA8=\",\"CodeChallengeMethod\":\"S256\",\"Properties\":{}}'),('Mxg1hX+OVObnJUXLoJ93xlTIuw92XedBVwPd0n7QNug=','authorization_code','superadmin','payrollclient','2024-06-02 05:02:42.000000','2024-06-02 05:07:42.000000','{\"CreationTime\":\"2024-06-02T05:02:42Z\",\"Lifetime\":300,\"ClientId\":\"payrollclient\",\"Subject\":{\"AuthenticationType\":\"IdentityServer4\",\"Claims\":[{\"Type\":\"sub\",\"Value\":\"superadmin\",\"ValueType\":\"http://www.w3.org/2001/XMLSchema#string\"},{\"Type\":\"auth_time\",\"Value\":\"1717301019\",\"ValueType\":\"http://www.w3.org/2001/XMLSchema#string\"},{\"Type\":\"idp\",\"Value\":\"local\",\"ValueType\":\"http://www.w3.org/2001/XMLSchema#string\"},{\"Type\":\"amr\",\"Value\":\"pwd\",\"ValueType\":\"http://www.w3.org/2001/XMLSchema#string\"}]},\"IsOpenId\":true,\"RequestedScopes\":[\"openid\"],\"RedirectUri\":\"http://localhost:5173/signin-callback\",\"Nonce\":null,\"StateHash\":\"UY-RCNuCQjlniT9K3X14nw\",\"WasConsentShown\":false,\"SessionId\":\"ko8tKU2uN51SIPnqZsbo1Q\",\"CodeChallenge\":\"hL3xxLPDhqvL8Lo4B4Uvo2R3l99RFW/7ZR/NLrBZ2zE=\",\"CodeChallengeMethod\":\"S256\",\"Properties\":{}}'),('nK8bpJQpwgTezFws09azDV4fxzLQArGo2FnPnX0IU6E=','authorization_code','superadmin','payrollclient','2024-06-01 06:51:00.000000','2024-06-01 06:56:00.000000','{\"CreationTime\":\"2024-06-01T06:51:00Z\",\"Lifetime\":300,\"ClientId\":\"payrollclient\",\"Subject\":{\"AuthenticationType\":\"IdentityServer4\",\"Claims\":[{\"Type\":\"sub\",\"Value\":\"superadmin\",\"ValueType\":\"http://www.w3.org/2001/XMLSchema#string\"},{\"Type\":\"auth_time\",\"Value\":\"1717215698\",\"ValueType\":\"http://www.w3.org/2001/XMLSchema#string\"},{\"Type\":\"idp\",\"Value\":\"local\",\"ValueType\":\"http://www.w3.org/2001/XMLSchema#string\"},{\"Type\":\"amr\",\"Value\":\"pwd\",\"ValueType\":\"http://www.w3.org/2001/XMLSchema#string\"}]},\"IsOpenId\":true,\"RequestedScopes\":[\"openid\"],\"RedirectUri\":\"http://localhost:5173/signin-callback\",\"Nonce\":null,\"StateHash\":\"N0KJq-ERH53uc1TvzHi19Q\",\"WasConsentShown\":false,\"SessionId\":\"_jVHar6Y4TAGyOTsujwIHQ\",\"CodeChallenge\":\"dG+j48R0ENK++/1ETcfk9a+W+H97tsyXkK0vLesVXFM=\",\"CodeChallengeMethod\":\"S256\",\"Properties\":{}}'),('No0bASTyarmUDz8XnFSRkfCoy3+CUMPWY1osb1lVy1k=','authorization_code','registrareditest','payrollclient','2024-06-01 08:59:19.000000','2024-06-01 09:04:19.000000','{\"CreationTime\":\"2024-06-01T08:59:19Z\",\"Lifetime\":300,\"ClientId\":\"payrollclient\",\"Subject\":{\"AuthenticationType\":\"IdentityServer4\",\"Claims\":[{\"Type\":\"sub\",\"Value\":\"registrareditest\",\"ValueType\":\"http://www.w3.org/2001/XMLSchema#string\"},{\"Type\":\"auth_time\",\"Value\":\"1717228780\",\"ValueType\":\"http://www.w3.org/2001/XMLSchema#string\"},{\"Type\":\"idp\",\"Value\":\"local\",\"ValueType\":\"http://www.w3.org/2001/XMLSchema#string\"},{\"Type\":\"amr\",\"Value\":\"pwd\",\"ValueType\":\"http://www.w3.org/2001/XMLSchema#string\"}]},\"IsOpenId\":true,\"RequestedScopes\":[\"openid\"],\"RedirectUri\":\"http://localhost:5173/signin-callback\",\"Nonce\":null,\"StateHash\":\"syDe-oJF4BhM2gKu83Lyew\",\"WasConsentShown\":false,\"SessionId\":\"uvG8XPg9yVxvwZbJgRukBg\",\"CodeChallenge\":\"9mqo5MJQG+5zZ0GFZzGPewOFM8xJ8QpRdC993gxMLzw=\",\"CodeChallengeMethod\":\"S256\",\"Properties\":{}}'),('ntgybSqSuuIWkmcAgbAIpf9reeLsvREQ9CcNHCwgLm4=','authorization_code','superadmin','payrollclient','2024-06-02 05:02:46.000000','2024-06-02 05:07:46.000000','{\"CreationTime\":\"2024-06-02T05:02:46Z\",\"Lifetime\":300,\"ClientId\":\"payrollclient\",\"Subject\":{\"AuthenticationType\":\"IdentityServer4\",\"Claims\":[{\"Type\":\"sub\",\"Value\":\"superadmin\",\"ValueType\":\"http://www.w3.org/2001/XMLSchema#string\"},{\"Type\":\"auth_time\",\"Value\":\"1717301019\",\"ValueType\":\"http://www.w3.org/2001/XMLSchema#string\"},{\"Type\":\"idp\",\"Value\":\"local\",\"ValueType\":\"http://www.w3.org/2001/XMLSchema#string\"},{\"Type\":\"amr\",\"Value\":\"pwd\",\"ValueType\":\"http://www.w3.org/2001/XMLSchema#string\"}]},\"IsOpenId\":true,\"RequestedScopes\":[\"openid\"],\"RedirectUri\":\"http://localhost:5173/signin-callback\",\"Nonce\":null,\"StateHash\":\"YNDioA9LY_Kuc333KXQsZA\",\"WasConsentShown\":false,\"SessionId\":\"ko8tKU2uN51SIPnqZsbo1Q\",\"CodeChallenge\":\"nOAd+Ug6ANPslNrFxElTM9Pj1GEysGEGRT+KjslEQ5M=\",\"CodeChallengeMethod\":\"S256\",\"Properties\":{}}'),('nukNcK/y+cyYEE0HpsvcYyaM8rhCWjzZUOkT1k8REQc=','authorization_code','registrareditest','payrollclient','2024-06-01 09:12:00.000000','2024-06-01 09:17:00.000000','{\"CreationTime\":\"2024-06-01T09:12:00Z\",\"Lifetime\":300,\"ClientId\":\"payrollclient\",\"Subject\":{\"AuthenticationType\":\"IdentityServer4\",\"Claims\":[{\"Type\":\"sub\",\"Value\":\"registrareditest\",\"ValueType\":\"http://www.w3.org/2001/XMLSchema#string\"},{\"Type\":\"auth_time\",\"Value\":\"1717228780\",\"ValueType\":\"http://www.w3.org/2001/XMLSchema#string\"},{\"Type\":\"idp\",\"Value\":\"local\",\"ValueType\":\"http://www.w3.org/2001/XMLSchema#string\"},{\"Type\":\"amr\",\"Value\":\"pwd\",\"ValueType\":\"http://www.w3.org/2001/XMLSchema#string\"}]},\"IsOpenId\":true,\"RequestedScopes\":[\"openid\"],\"RedirectUri\":\"http://localhost:5173/signin-callback\",\"Nonce\":null,\"StateHash\":\"5bd3BkDvy2d1P0KC2Xx83w\",\"WasConsentShown\":false,\"SessionId\":\"uvG8XPg9yVxvwZbJgRukBg\",\"CodeChallenge\":\"S/wTj12FvjRhHfKxwho/Yx/qK2GlYL51wQhhyqF76Qw=\",\"CodeChallengeMethod\":\"S256\",\"Properties\":{}}'),('nyB3L47vNP1W3116V/fm0dd/ccVlsGcrZpFrA5WgGis=','authorization_code','registrareditest','payrollclient','2024-06-01 08:59:36.000000','2024-06-01 09:04:36.000000','{\"CreationTime\":\"2024-06-01T08:59:36Z\",\"Lifetime\":300,\"ClientId\":\"payrollclient\",\"Subject\":{\"AuthenticationType\":\"IdentityServer4\",\"Claims\":[{\"Type\":\"sub\",\"Value\":\"registrareditest\",\"ValueType\":\"http://www.w3.org/2001/XMLSchema#string\"},{\"Type\":\"auth_time\",\"Value\":\"1717228780\",\"ValueType\":\"http://www.w3.org/2001/XMLSchema#string\"},{\"Type\":\"idp\",\"Value\":\"local\",\"ValueType\":\"http://www.w3.org/2001/XMLSchema#string\"},{\"Type\":\"amr\",\"Value\":\"pwd\",\"ValueType\":\"http://www.w3.org/2001/XMLSchema#string\"}]},\"IsOpenId\":true,\"RequestedScopes\":[\"openid\"],\"RedirectUri\":\"http://localhost:5173/signin-callback\",\"Nonce\":null,\"StateHash\":\"o2p7VtqHfQelY0zlhFql-Q\",\"WasConsentShown\":false,\"SessionId\":\"uvG8XPg9yVxvwZbJgRukBg\",\"CodeChallenge\":\"ZsNJID2UH6AUWNpCYVR7dRgN1WIcoVNPVLdE64CaxYE=\",\"CodeChallengeMethod\":\"S256\",\"Properties\":{}}'),('o3ssdvQtu6d7IP24wqga7NkCXFCJNE2A37W1cgBWOFY=','authorization_code','superadmin','payrollclient','2024-06-02 05:04:01.000000','2024-06-02 05:09:01.000000','{\"CreationTime\":\"2024-06-02T05:04:01Z\",\"Lifetime\":300,\"ClientId\":\"payrollclient\",\"Subject\":{\"AuthenticationType\":\"IdentityServer4\",\"Claims\":[{\"Type\":\"sub\",\"Value\":\"superadmin\",\"ValueType\":\"http://www.w3.org/2001/XMLSchema#string\"},{\"Type\":\"auth_time\",\"Value\":\"1717301019\",\"ValueType\":\"http://www.w3.org/2001/XMLSchema#string\"},{\"Type\":\"idp\",\"Value\":\"local\",\"ValueType\":\"http://www.w3.org/2001/XMLSchema#string\"},{\"Type\":\"amr\",\"Value\":\"pwd\",\"ValueType\":\"http://www.w3.org/2001/XMLSchema#string\"}]},\"IsOpenId\":true,\"RequestedScopes\":[\"openid\"],\"RedirectUri\":\"http://localhost:5173/signin-callback\",\"Nonce\":null,\"StateHash\":\"PWf1ofazP5QzT8KfJZueSQ\",\"WasConsentShown\":false,\"SessionId\":\"ko8tKU2uN51SIPnqZsbo1Q\",\"CodeChallenge\":\"MV6CcU2GsiIa8WVXJw34g+wvaW2qFuOAvF4/jkdcKLg=\",\"CodeChallengeMethod\":\"S256\",\"Properties\":{}}'),('O78iS2los+SLdrj8CM+DUmb9MMsFj9+5S3brYbWTglE=','authorization_code','superadmin','payrollclient','2024-06-01 06:29:00.000000','2024-06-01 06:34:00.000000','{\"CreationTime\":\"2024-06-01T06:29:00Z\",\"Lifetime\":300,\"ClientId\":\"payrollclient\",\"Subject\":{\"AuthenticationType\":\"IdentityServer4\",\"Claims\":[{\"Type\":\"sub\",\"Value\":\"superadmin\",\"ValueType\":\"http://www.w3.org/2001/XMLSchema#string\"},{\"Type\":\"auth_time\",\"Value\":\"1717215698\",\"ValueType\":\"http://www.w3.org/2001/XMLSchema#string\"},{\"Type\":\"idp\",\"Value\":\"local\",\"ValueType\":\"http://www.w3.org/2001/XMLSchema#string\"},{\"Type\":\"amr\",\"Value\":\"pwd\",\"ValueType\":\"http://www.w3.org/2001/XMLSchema#string\"}]},\"IsOpenId\":true,\"RequestedScopes\":[\"openid\"],\"RedirectUri\":\"http://localhost:5173/signin-callback\",\"Nonce\":null,\"StateHash\":\"YHMtvxX5DeW-MbKDCqtP2g\",\"WasConsentShown\":false,\"SessionId\":\"_jVHar6Y4TAGyOTsujwIHQ\",\"CodeChallenge\":\"WOYxjRAagItTU5d94Pc5LU3S6xuEOk/xSCisLhNTSYA=\",\"CodeChallengeMethod\":\"S256\",\"Properties\":{}}'),('ogpy5BCPG5k74a9y6hgCQKDkTwhfWlQoZ6kCv9/OIrw=','authorization_code','registrareditest','payrollclient','2024-06-01 08:59:38.000000','2024-06-01 09:04:38.000000','{\"CreationTime\":\"2024-06-01T08:59:38Z\",\"Lifetime\":300,\"ClientId\":\"payrollclient\",\"Subject\":{\"AuthenticationType\":\"IdentityServer4\",\"Claims\":[{\"Type\":\"sub\",\"Value\":\"registrareditest\",\"ValueType\":\"http://www.w3.org/2001/XMLSchema#string\"},{\"Type\":\"auth_time\",\"Value\":\"1717228780\",\"ValueType\":\"http://www.w3.org/2001/XMLSchema#string\"},{\"Type\":\"idp\",\"Value\":\"local\",\"ValueType\":\"http://www.w3.org/2001/XMLSchema#string\"},{\"Type\":\"amr\",\"Value\":\"pwd\",\"ValueType\":\"http://www.w3.org/2001/XMLSchema#string\"}]},\"IsOpenId\":true,\"RequestedScopes\":[\"openid\"],\"RedirectUri\":\"http://localhost:5173/signin-callback\",\"Nonce\":null,\"StateHash\":\"MMqs_UL4u2ua4iuZ__3Pqg\",\"WasConsentShown\":false,\"SessionId\":\"uvG8XPg9yVxvwZbJgRukBg\",\"CodeChallenge\":\"QYAbwPry3s58wDa9Mj4JzFJ9rnhCsskDr7Uw2Z2gEj0=\",\"CodeChallengeMethod\":\"S256\",\"Properties\":{}}'),('OJ+j1Nexm9dw97+PiGZPFP1RnNwfFe+F9EMUeNnJdF4=','authorization_code','superadmin','payrollclient','2024-06-02 05:03:19.000000','2024-06-02 05:08:19.000000','{\"CreationTime\":\"2024-06-02T05:03:19Z\",\"Lifetime\":300,\"ClientId\":\"payrollclient\",\"Subject\":{\"AuthenticationType\":\"IdentityServer4\",\"Claims\":[{\"Type\":\"sub\",\"Value\":\"superadmin\",\"ValueType\":\"http://www.w3.org/2001/XMLSchema#string\"},{\"Type\":\"auth_time\",\"Value\":\"1717301019\",\"ValueType\":\"http://www.w3.org/2001/XMLSchema#string\"},{\"Type\":\"idp\",\"Value\":\"local\",\"ValueType\":\"http://www.w3.org/2001/XMLSchema#string\"},{\"Type\":\"amr\",\"Value\":\"pwd\",\"ValueType\":\"http://www.w3.org/2001/XMLSchema#string\"}]},\"IsOpenId\":true,\"RequestedScopes\":[\"openid\"],\"RedirectUri\":\"http://localhost:5173/signin-callback\",\"Nonce\":null,\"StateHash\":\"ovaaezn_jo0LIetdDp5gVw\",\"WasConsentShown\":false,\"SessionId\":\"ko8tKU2uN51SIPnqZsbo1Q\",\"CodeChallenge\":\"/lzY5mbEexe1Y9C2LgHQF6N99EJ0UV9TphA857uawu0=\",\"CodeChallengeMethod\":\"S256\",\"Properties\":{}}'),('oZV+OxeFcyuZmgzpgU8tvGzpj+Wjh6ZMu0DupwHkMJo=','authorization_code','admin1','payrollclient','2024-06-07 10:38:07.000000','2024-06-07 10:43:07.000000','{\"CreationTime\":\"2024-06-07T10:38:07Z\",\"Lifetime\":300,\"ClientId\":\"payrollclient\",\"Subject\":{\"AuthenticationType\":\"IdentityServer4\",\"Claims\":[{\"Type\":\"sub\",\"Value\":\"admin1\",\"ValueType\":\"http://www.w3.org/2001/XMLSchema#string\"},{\"Type\":\"auth_time\",\"Value\":\"1717751335\",\"ValueType\":\"http://www.w3.org/2001/XMLSchema#string\"},{\"Type\":\"idp\",\"Value\":\"local\",\"ValueType\":\"http://www.w3.org/2001/XMLSchema#string\"},{\"Type\":\"amr\",\"Value\":\"pwd\",\"ValueType\":\"http://www.w3.org/2001/XMLSchema#string\"}]},\"IsOpenId\":true,\"RequestedScopes\":[\"openid\"],\"RedirectUri\":\"http://localhost:5173/signin-callback\",\"Nonce\":null,\"StateHash\":\"l-k6Er_Z59P1SpeYeT0hRw\",\"WasConsentShown\":false,\"SessionId\":\"s1R4MIJBjl2cPNbv42oXGw\",\"CodeChallenge\":\"2R1qUvZNAPTvo2P/cWps+ezB739yb1ThZ4WG7bKdb3M=\",\"CodeChallengeMethod\":\"S256\",\"Properties\":{}}'),('p21cOwrfcoPY3hBJq2V2mnFpKsHvMOKv2c52nPPyRMY=','authorization_code','superadmin','payrollclient','2024-06-01 03:04:49.000000','2024-06-01 03:09:49.000000','{\"CreationTime\":\"2024-06-01T03:04:49Z\",\"Lifetime\":300,\"ClientId\":\"payrollclient\",\"Subject\":{\"AuthenticationType\":\"IdentityServer4\",\"Claims\":[{\"Type\":\"sub\",\"Value\":\"superadmin\",\"ValueType\":\"http://www.w3.org/2001/XMLSchema#string\"},{\"Type\":\"auth_time\",\"Value\":\"1717207503\",\"ValueType\":\"http://www.w3.org/2001/XMLSchema#string\"},{\"Type\":\"idp\",\"Value\":\"local\",\"ValueType\":\"http://www.w3.org/2001/XMLSchema#string\"},{\"Type\":\"amr\",\"Value\":\"pwd\",\"ValueType\":\"http://www.w3.org/2001/XMLSchema#string\"}]},\"IsOpenId\":true,\"RequestedScopes\":[\"openid\"],\"RedirectUri\":\"http://localhost:5173/signin-callback\",\"Nonce\":null,\"StateHash\":\"nCAL7UZ2EiOVB5BYWVOzGA\",\"WasConsentShown\":false,\"SessionId\":\"-aActD-nfF4eCIDPdVWa1w\",\"CodeChallenge\":\"PFzlE6YcQTJpDWuuY5Ygv/QZssHetBA/XpmklSHES6g=\",\"CodeChallengeMethod\":\"S256\",\"Properties\":{}}'),('PbIlcJynIPonArlZn6NzHigloaDQhw/fB7Y0ap6hLLg=','authorization_code','superadmin','payrollclient','2024-06-02 05:03:14.000000','2024-06-02 05:08:14.000000','{\"CreationTime\":\"2024-06-02T05:03:14Z\",\"Lifetime\":300,\"ClientId\":\"payrollclient\",\"Subject\":{\"AuthenticationType\":\"IdentityServer4\",\"Claims\":[{\"Type\":\"sub\",\"Value\":\"superadmin\",\"ValueType\":\"http://www.w3.org/2001/XMLSchema#string\"},{\"Type\":\"auth_time\",\"Value\":\"1717301019\",\"ValueType\":\"http://www.w3.org/2001/XMLSchema#string\"},{\"Type\":\"idp\",\"Value\":\"local\",\"ValueType\":\"http://www.w3.org/2001/XMLSchema#string\"},{\"Type\":\"amr\",\"Value\":\"pwd\",\"ValueType\":\"http://www.w3.org/2001/XMLSchema#string\"}]},\"IsOpenId\":true,\"RequestedScopes\":[\"openid\"],\"RedirectUri\":\"http://localhost:5173/signin-callback\",\"Nonce\":null,\"StateHash\":\"ejezrstTOl67usU0jKcyCQ\",\"WasConsentShown\":false,\"SessionId\":\"ko8tKU2uN51SIPnqZsbo1Q\",\"CodeChallenge\":\"q2uEY6YiI74HNAfHDbAb0eBdJnbz6RlZsithdaajnIY=\",\"CodeChallengeMethod\":\"S256\",\"Properties\":{}}'),('Q5OCiQcRx6+lGKUbbBtGQdtKmsDUFn7h4kllZNYg3qQ=','authorization_code','superadmin','payrollclient','2024-06-02 05:03:20.000000','2024-06-02 05:08:20.000000','{\"CreationTime\":\"2024-06-02T05:03:20Z\",\"Lifetime\":300,\"ClientId\":\"payrollclient\",\"Subject\":{\"AuthenticationType\":\"IdentityServer4\",\"Claims\":[{\"Type\":\"sub\",\"Value\":\"superadmin\",\"ValueType\":\"http://www.w3.org/2001/XMLSchema#string\"},{\"Type\":\"auth_time\",\"Value\":\"1717301019\",\"ValueType\":\"http://www.w3.org/2001/XMLSchema#string\"},{\"Type\":\"idp\",\"Value\":\"local\",\"ValueType\":\"http://www.w3.org/2001/XMLSchema#string\"},{\"Type\":\"amr\",\"Value\":\"pwd\",\"ValueType\":\"http://www.w3.org/2001/XMLSchema#string\"}]},\"IsOpenId\":true,\"RequestedScopes\":[\"openid\"],\"RedirectUri\":\"http://localhost:5173/signin-callback\",\"Nonce\":null,\"StateHash\":\"1_zGoYfADQOql0JIZhI1EA\",\"WasConsentShown\":false,\"SessionId\":\"ko8tKU2uN51SIPnqZsbo1Q\",\"CodeChallenge\":\"u18JthiBPSpiqHBTwnrrHS/k9M1sVIqxVovnElWpXBs=\",\"CodeChallengeMethod\":\"S256\",\"Properties\":{}}'),('QcS/99FRs0+BJR8nFZ+hKAROGqnommOvYnNnI6VzqHA=','authorization_code','registrareditest','payrollclient','2024-06-01 09:52:00.000000','2024-06-01 09:57:00.000000','{\"CreationTime\":\"2024-06-01T09:52:00Z\",\"Lifetime\":300,\"ClientId\":\"payrollclient\",\"Subject\":{\"AuthenticationType\":\"IdentityServer4\",\"Claims\":[{\"Type\":\"sub\",\"Value\":\"registrareditest\",\"ValueType\":\"http://www.w3.org/2001/XMLSchema#string\"},{\"Type\":\"auth_time\",\"Value\":\"1717228780\",\"ValueType\":\"http://www.w3.org/2001/XMLSchema#string\"},{\"Type\":\"idp\",\"Value\":\"local\",\"ValueType\":\"http://www.w3.org/2001/XMLSchema#string\"},{\"Type\":\"amr\",\"Value\":\"pwd\",\"ValueType\":\"http://www.w3.org/2001/XMLSchema#string\"}]},\"IsOpenId\":true,\"RequestedScopes\":[\"openid\"],\"RedirectUri\":\"http://localhost:5173/signin-callback\",\"Nonce\":null,\"StateHash\":\"og58p0uMEOH145pXKEhoHA\",\"WasConsentShown\":false,\"SessionId\":\"uvG8XPg9yVxvwZbJgRukBg\",\"CodeChallenge\":\"VxGANKNb/9Vr2JZ+I7PruFhtsovE7IPZ4Sq/1WbJY3M=\",\"CodeChallengeMethod\":\"S256\",\"Properties\":{}}'),('qGDkwTkaevGnM9J4YONRu4YXtXuJ1I+RMmFuPSAQHKE=','authorization_code','superadmin','payrollclient','2024-06-01 06:27:00.000000','2024-06-01 06:32:00.000000','{\"CreationTime\":\"2024-06-01T06:27:00Z\",\"Lifetime\":300,\"ClientId\":\"payrollclient\",\"Subject\":{\"AuthenticationType\":\"IdentityServer4\",\"Claims\":[{\"Type\":\"sub\",\"Value\":\"superadmin\",\"ValueType\":\"http://www.w3.org/2001/XMLSchema#string\"},{\"Type\":\"auth_time\",\"Value\":\"1717215698\",\"ValueType\":\"http://www.w3.org/2001/XMLSchema#string\"},{\"Type\":\"idp\",\"Value\":\"local\",\"ValueType\":\"http://www.w3.org/2001/XMLSchema#string\"},{\"Type\":\"amr\",\"Value\":\"pwd\",\"ValueType\":\"http://www.w3.org/2001/XMLSchema#string\"}]},\"IsOpenId\":true,\"RequestedScopes\":[\"openid\"],\"RedirectUri\":\"http://localhost:5173/signin-callback\",\"Nonce\":null,\"StateHash\":\"IqyZzJ6jMh0Dy_rkFewVgw\",\"WasConsentShown\":false,\"SessionId\":\"_jVHar6Y4TAGyOTsujwIHQ\",\"CodeChallenge\":\"kn4tFjRf0Px/GyyarSxgq9NoEM43H+Y8vQukZ262so0=\",\"CodeChallengeMethod\":\"S256\",\"Properties\":{}}'),('QjbGRUSDknxOeO/a/sEg5/ABH38vkBJXVgsog/eRXE4=','authorization_code','superadmin','payrollclient','2024-06-01 06:43:00.000000','2024-06-01 06:48:00.000000','{\"CreationTime\":\"2024-06-01T06:43:00Z\",\"Lifetime\":300,\"ClientId\":\"payrollclient\",\"Subject\":{\"AuthenticationType\":\"IdentityServer4\",\"Claims\":[{\"Type\":\"sub\",\"Value\":\"superadmin\",\"ValueType\":\"http://www.w3.org/2001/XMLSchema#string\"},{\"Type\":\"auth_time\",\"Value\":\"1717215698\",\"ValueType\":\"http://www.w3.org/2001/XMLSchema#string\"},{\"Type\":\"idp\",\"Value\":\"local\",\"ValueType\":\"http://www.w3.org/2001/XMLSchema#string\"},{\"Type\":\"amr\",\"Value\":\"pwd\",\"ValueType\":\"http://www.w3.org/2001/XMLSchema#string\"}]},\"IsOpenId\":true,\"RequestedScopes\":[\"openid\"],\"RedirectUri\":\"http://localhost:5173/signin-callback\",\"Nonce\":null,\"StateHash\":\"KH8Fflg99inCdHZfa36-qA\",\"WasConsentShown\":false,\"SessionId\":\"_jVHar6Y4TAGyOTsujwIHQ\",\"CodeChallenge\":\"tfoGNuDI2pQriGOT36Z+72dsFBga01Z86aUEXMMXSes=\",\"CodeChallengeMethod\":\"S256\",\"Properties\":{}}'),('qMu2om3imLpShuqur48Im28ZLh/AewJoEyDKgX9yW+E=','authorization_code','registrareditest','payrollclient','2024-06-01 08:59:10.000000','2024-06-01 09:04:10.000000','{\"CreationTime\":\"2024-06-01T08:59:10Z\",\"Lifetime\":300,\"ClientId\":\"payrollclient\",\"Subject\":{\"AuthenticationType\":\"IdentityServer4\",\"Claims\":[{\"Type\":\"sub\",\"Value\":\"registrareditest\",\"ValueType\":\"http://www.w3.org/2001/XMLSchema#string\"},{\"Type\":\"auth_time\",\"Value\":\"1717228780\",\"ValueType\":\"http://www.w3.org/2001/XMLSchema#string\"},{\"Type\":\"idp\",\"Value\":\"local\",\"ValueType\":\"http://www.w3.org/2001/XMLSchema#string\"},{\"Type\":\"amr\",\"Value\":\"pwd\",\"ValueType\":\"http://www.w3.org/2001/XMLSchema#string\"}]},\"IsOpenId\":true,\"RequestedScopes\":[\"openid\"],\"RedirectUri\":\"http://localhost:5173/signin-callback\",\"Nonce\":null,\"StateHash\":\"AMnm6LZ_PuL-0blF--_OUg\",\"WasConsentShown\":false,\"SessionId\":\"uvG8XPg9yVxvwZbJgRukBg\",\"CodeChallenge\":\"2scrx81Pio4iDztEyTHDN4ZjOtqf0Zaje3hzvNMv3WA=\",\"CodeChallengeMethod\":\"S256\",\"Properties\":{}}'),('qnpGSGmtWj3FQR4/THjdkgiRksm5JTJCq0GhWU+gJlU=','authorization_code','superadmin','payrollclient','2024-06-02 05:03:16.000000','2024-06-02 05:08:16.000000','{\"CreationTime\":\"2024-06-02T05:03:16Z\",\"Lifetime\":300,\"ClientId\":\"payrollclient\",\"Subject\":{\"AuthenticationType\":\"IdentityServer4\",\"Claims\":[{\"Type\":\"sub\",\"Value\":\"superadmin\",\"ValueType\":\"http://www.w3.org/2001/XMLSchema#string\"},{\"Type\":\"auth_time\",\"Value\":\"1717301019\",\"ValueType\":\"http://www.w3.org/2001/XMLSchema#string\"},{\"Type\":\"idp\",\"Value\":\"local\",\"ValueType\":\"http://www.w3.org/2001/XMLSchema#string\"},{\"Type\":\"amr\",\"Value\":\"pwd\",\"ValueType\":\"http://www.w3.org/2001/XMLSchema#string\"}]},\"IsOpenId\":true,\"RequestedScopes\":[\"openid\"],\"RedirectUri\":\"http://localhost:5173/signin-callback\",\"Nonce\":null,\"StateHash\":\"bMmW9ziI7Cin5TNeakK2Vg\",\"WasConsentShown\":false,\"SessionId\":\"ko8tKU2uN51SIPnqZsbo1Q\",\"CodeChallenge\":\"5Dm70+RHM+UCaypyT9J3dYMlXqN+VOmZK01C8CR3bbw=\",\"CodeChallengeMethod\":\"S256\",\"Properties\":{}}'),('QuWpsU1cWhrwYhBrgHiJKvHC34kv8UmLt4LV/t38Ekg=','authorization_code','superadmin','payrollclient','2024-06-01 07:01:00.000000','2024-06-01 07:06:00.000000','{\"CreationTime\":\"2024-06-01T07:01:00Z\",\"Lifetime\":300,\"ClientId\":\"payrollclient\",\"Subject\":{\"AuthenticationType\":\"IdentityServer4\",\"Claims\":[{\"Type\":\"sub\",\"Value\":\"superadmin\",\"ValueType\":\"http://www.w3.org/2001/XMLSchema#string\"},{\"Type\":\"auth_time\",\"Value\":\"1717215698\",\"ValueType\":\"http://www.w3.org/2001/XMLSchema#string\"},{\"Type\":\"idp\",\"Value\":\"local\",\"ValueType\":\"http://www.w3.org/2001/XMLSchema#string\"},{\"Type\":\"amr\",\"Value\":\"pwd\",\"ValueType\":\"http://www.w3.org/2001/XMLSchema#string\"}]},\"IsOpenId\":true,\"RequestedScopes\":[\"openid\"],\"RedirectUri\":\"http://localhost:5173/signin-callback\",\"Nonce\":null,\"StateHash\":\"-aUkLNrrL98rDVlBem95ow\",\"WasConsentShown\":false,\"SessionId\":\"_jVHar6Y4TAGyOTsujwIHQ\",\"CodeChallenge\":\"uVYTEcVhm5ZhZrdon7HEiqzhA8pHpdoFLgFHv6DoT+w=\",\"CodeChallengeMethod\":\"S256\",\"Properties\":{}}'),('R+XN3nwkvoVc+JO202pWfCdzmC30lhcAPs6odQHfXg8=','authorization_code','superadmin','payrollclient','2024-06-02 05:03:05.000000','2024-06-02 05:08:05.000000','{\"CreationTime\":\"2024-06-02T05:03:05Z\",\"Lifetime\":300,\"ClientId\":\"payrollclient\",\"Subject\":{\"AuthenticationType\":\"IdentityServer4\",\"Claims\":[{\"Type\":\"sub\",\"Value\":\"superadmin\",\"ValueType\":\"http://www.w3.org/2001/XMLSchema#string\"},{\"Type\":\"auth_time\",\"Value\":\"1717301019\",\"ValueType\":\"http://www.w3.org/2001/XMLSchema#string\"},{\"Type\":\"idp\",\"Value\":\"local\",\"ValueType\":\"http://www.w3.org/2001/XMLSchema#string\"},{\"Type\":\"amr\",\"Value\":\"pwd\",\"ValueType\":\"http://www.w3.org/2001/XMLSchema#string\"}]},\"IsOpenId\":true,\"RequestedScopes\":[\"openid\"],\"RedirectUri\":\"http://localhost:5173/signin-callback\",\"Nonce\":null,\"StateHash\":\"G0VbBTNZ_7Dhstogt--7bA\",\"WasConsentShown\":false,\"SessionId\":\"ko8tKU2uN51SIPnqZsbo1Q\",\"CodeChallenge\":\"mJsDukeLpnUW6G990Aawyt744PANmUpM47DjWJndK4k=\",\"CodeChallengeMethod\":\"S256\",\"Properties\":{}}'),('RhedTs3smJOI8Xi+TiTSpohRcRQeWLjMBp0PcZh5kQ0=','authorization_code','superadmin','payrollclient','2024-06-01 06:59:00.000000','2024-06-01 07:04:00.000000','{\"CreationTime\":\"2024-06-01T06:59:00Z\",\"Lifetime\":300,\"ClientId\":\"payrollclient\",\"Subject\":{\"AuthenticationType\":\"IdentityServer4\",\"Claims\":[{\"Type\":\"sub\",\"Value\":\"superadmin\",\"ValueType\":\"http://www.w3.org/2001/XMLSchema#string\"},{\"Type\":\"auth_time\",\"Value\":\"1717215698\",\"ValueType\":\"http://www.w3.org/2001/XMLSchema#string\"},{\"Type\":\"idp\",\"Value\":\"local\",\"ValueType\":\"http://www.w3.org/2001/XMLSchema#string\"},{\"Type\":\"amr\",\"Value\":\"pwd\",\"ValueType\":\"http://www.w3.org/2001/XMLSchema#string\"}]},\"IsOpenId\":true,\"RequestedScopes\":[\"openid\"],\"RedirectUri\":\"http://localhost:5173/signin-callback\",\"Nonce\":null,\"StateHash\":\"TNuO2kvLMuwXNaTn8CchpA\",\"WasConsentShown\":false,\"SessionId\":\"_jVHar6Y4TAGyOTsujwIHQ\",\"CodeChallenge\":\"uiDW3Is5GA6/65Tus04EE8AJDz0F7fuPkgeM6f0EgCc=\",\"CodeChallengeMethod\":\"S256\",\"Properties\":{}}'),('rHHcqMFYG4d7Gphm0aa6u8BNRa8DXdRWtqKLCfFZ2qg=','authorization_code','superadmin','payrollclient','2024-06-01 06:23:00.000000','2024-06-01 06:28:00.000000','{\"CreationTime\":\"2024-06-01T06:23:00Z\",\"Lifetime\":300,\"ClientId\":\"payrollclient\",\"Subject\":{\"AuthenticationType\":\"IdentityServer4\",\"Claims\":[{\"Type\":\"sub\",\"Value\":\"superadmin\",\"ValueType\":\"http://www.w3.org/2001/XMLSchema#string\"},{\"Type\":\"auth_time\",\"Value\":\"1717215698\",\"ValueType\":\"http://www.w3.org/2001/XMLSchema#string\"},{\"Type\":\"idp\",\"Value\":\"local\",\"ValueType\":\"http://www.w3.org/2001/XMLSchema#string\"},{\"Type\":\"amr\",\"Value\":\"pwd\",\"ValueType\":\"http://www.w3.org/2001/XMLSchema#string\"}]},\"IsOpenId\":true,\"RequestedScopes\":[\"openid\"],\"RedirectUri\":\"http://localhost:5173/signin-callback\",\"Nonce\":null,\"StateHash\":\"OFA3qmAIPmAG4sNPmfNRmw\",\"WasConsentShown\":false,\"SessionId\":\"_jVHar6Y4TAGyOTsujwIHQ\",\"CodeChallenge\":\"z+MJIiwy/m7ocuDo21S6qmxZT4wnl85ux3YymoWL4SI=\",\"CodeChallengeMethod\":\"S256\",\"Properties\":{}}'),('RJRchyAiWa6wkKgoU2nwU3xGd5ahdMBpvCfxw5NBJKw=','authorization_code','superadmin','payrollclient','2024-06-01 06:47:00.000000','2024-06-01 06:52:00.000000','{\"CreationTime\":\"2024-06-01T06:47:00Z\",\"Lifetime\":300,\"ClientId\":\"payrollclient\",\"Subject\":{\"AuthenticationType\":\"IdentityServer4\",\"Claims\":[{\"Type\":\"sub\",\"Value\":\"superadmin\",\"ValueType\":\"http://www.w3.org/2001/XMLSchema#string\"},{\"Type\":\"auth_time\",\"Value\":\"1717215698\",\"ValueType\":\"http://www.w3.org/2001/XMLSchema#string\"},{\"Type\":\"idp\",\"Value\":\"local\",\"ValueType\":\"http://www.w3.org/2001/XMLSchema#string\"},{\"Type\":\"amr\",\"Value\":\"pwd\",\"ValueType\":\"http://www.w3.org/2001/XMLSchema#string\"}]},\"IsOpenId\":true,\"RequestedScopes\":[\"openid\"],\"RedirectUri\":\"http://localhost:5173/signin-callback\",\"Nonce\":null,\"StateHash\":\"O4PPlXuhXTIxbwNXJJd7Kg\",\"WasConsentShown\":false,\"SessionId\":\"_jVHar6Y4TAGyOTsujwIHQ\",\"CodeChallenge\":\"+qKOfaJfoxEQBbseJ6/vsOcaJmlbBrFANqPADrNvObQ=\",\"CodeChallengeMethod\":\"S256\",\"Properties\":{}}'),('rQOORr7JsGQGIqAqz0svSov7mqvpwN+PbUD5aMlwCYk=','authorization_code','admin1','payrollclient','2024-06-07 10:37:50.000000','2024-06-07 10:42:50.000000','{\"CreationTime\":\"2024-06-07T10:37:50Z\",\"Lifetime\":300,\"ClientId\":\"payrollclient\",\"Subject\":{\"AuthenticationType\":\"IdentityServer4\",\"Claims\":[{\"Type\":\"sub\",\"Value\":\"admin1\",\"ValueType\":\"http://www.w3.org/2001/XMLSchema#string\"},{\"Type\":\"auth_time\",\"Value\":\"1717751335\",\"ValueType\":\"http://www.w3.org/2001/XMLSchema#string\"},{\"Type\":\"idp\",\"Value\":\"local\",\"ValueType\":\"http://www.w3.org/2001/XMLSchema#string\"},{\"Type\":\"amr\",\"Value\":\"pwd\",\"ValueType\":\"http://www.w3.org/2001/XMLSchema#string\"}]},\"IsOpenId\":true,\"RequestedScopes\":[\"openid\"],\"RedirectUri\":\"http://localhost:5173/signin-callback\",\"Nonce\":null,\"StateHash\":\"bjmeX9G4n4SETyeJLWwpTQ\",\"WasConsentShown\":false,\"SessionId\":\"s1R4MIJBjl2cPNbv42oXGw\",\"CodeChallenge\":\"UKuzN1PcOtCXP5uLNH5BGKTRftNJZ186+SaX+j0FcXs=\",\"CodeChallengeMethod\":\"S256\",\"Properties\":{}}'),('RrUjx5HwT44fLNk6grCfDSzhz9rmmtIm9fYCbzahrFA=','authorization_code','registrareditest','payrollclient','2024-06-01 09:04:00.000000','2024-06-01 09:09:00.000000','{\"CreationTime\":\"2024-06-01T09:04:00Z\",\"Lifetime\":300,\"ClientId\":\"payrollclient\",\"Subject\":{\"AuthenticationType\":\"IdentityServer4\",\"Claims\":[{\"Type\":\"sub\",\"Value\":\"registrareditest\",\"ValueType\":\"http://www.w3.org/2001/XMLSchema#string\"},{\"Type\":\"auth_time\",\"Value\":\"1717228780\",\"ValueType\":\"http://www.w3.org/2001/XMLSchema#string\"},{\"Type\":\"idp\",\"Value\":\"local\",\"ValueType\":\"http://www.w3.org/2001/XMLSchema#string\"},{\"Type\":\"amr\",\"Value\":\"pwd\",\"ValueType\":\"http://www.w3.org/2001/XMLSchema#string\"}]},\"IsOpenId\":true,\"RequestedScopes\":[\"openid\"],\"RedirectUri\":\"http://localhost:5173/signin-callback\",\"Nonce\":null,\"StateHash\":\"0CEcJA7JMf8JcZvGteq4Lg\",\"WasConsentShown\":false,\"SessionId\":\"uvG8XPg9yVxvwZbJgRukBg\",\"CodeChallenge\":\"OBx2iWEV4nWZ5hPlsH1iCRn+g/WheXt+50JMlHlIz80=\",\"CodeChallengeMethod\":\"S256\",\"Properties\":{}}'),('RsjGJDHlpJr2iWU7ZmSNebH6iBKXbNj5/eO54MvYMWE=','authorization_code','registrareditest','payrollclient','2024-06-01 09:40:00.000000','2024-06-01 09:45:00.000000','{\"CreationTime\":\"2024-06-01T09:40:00Z\",\"Lifetime\":300,\"ClientId\":\"payrollclient\",\"Subject\":{\"AuthenticationType\":\"IdentityServer4\",\"Claims\":[{\"Type\":\"sub\",\"Value\":\"registrareditest\",\"ValueType\":\"http://www.w3.org/2001/XMLSchema#string\"},{\"Type\":\"auth_time\",\"Value\":\"1717228780\",\"ValueType\":\"http://www.w3.org/2001/XMLSchema#string\"},{\"Type\":\"idp\",\"Value\":\"local\",\"ValueType\":\"http://www.w3.org/2001/XMLSchema#string\"},{\"Type\":\"amr\",\"Value\":\"pwd\",\"ValueType\":\"http://www.w3.org/2001/XMLSchema#string\"}]},\"IsOpenId\":true,\"RequestedScopes\":[\"openid\"],\"RedirectUri\":\"http://localhost:5173/signin-callback\",\"Nonce\":null,\"StateHash\":\"SGT8yi6_Sc9wnHdBTX2OoQ\",\"WasConsentShown\":false,\"SessionId\":\"uvG8XPg9yVxvwZbJgRukBg\",\"CodeChallenge\":\"ydtG5mtzpABZtTM/V4TKh9G+Hs05C8TFrG37tfrP0x4=\",\"CodeChallengeMethod\":\"S256\",\"Properties\":{}}'),('ruzwSG2Ceferw9xyE6dHubJKosN6KJlbhUtBwzbcKWY=','authorization_code','superadmin','payrollclient','2024-06-01 06:17:00.000000','2024-06-01 06:22:00.000000','{\"CreationTime\":\"2024-06-01T06:17:00Z\",\"Lifetime\":300,\"ClientId\":\"payrollclient\",\"Subject\":{\"AuthenticationType\":\"IdentityServer4\",\"Claims\":[{\"Type\":\"sub\",\"Value\":\"superadmin\",\"ValueType\":\"http://www.w3.org/2001/XMLSchema#string\"},{\"Type\":\"auth_time\",\"Value\":\"1717215698\",\"ValueType\":\"http://www.w3.org/2001/XMLSchema#string\"},{\"Type\":\"idp\",\"Value\":\"local\",\"ValueType\":\"http://www.w3.org/2001/XMLSchema#string\"},{\"Type\":\"amr\",\"Value\":\"pwd\",\"ValueType\":\"http://www.w3.org/2001/XMLSchema#string\"}]},\"IsOpenId\":true,\"RequestedScopes\":[\"openid\"],\"RedirectUri\":\"http://localhost:5173/signin-callback\",\"Nonce\":null,\"StateHash\":\"g2zph_YRl5OFTGLRU4j9PA\",\"WasConsentShown\":false,\"SessionId\":\"_jVHar6Y4TAGyOTsujwIHQ\",\"CodeChallenge\":\"dYv0uW3bFc7Gw+zxc92jYmDFWFt7QWzvKOyGVDesctY=\",\"CodeChallengeMethod\":\"S256\",\"Properties\":{}}'),('RyoQ2o2JLX3J5AtCG1MwYFF8fnZN55Gzu1DDAeeCeN4=','authorization_code','admin','payrollclient','2024-05-31 03:42:49.000000','2024-05-31 03:47:49.000000','{\"CreationTime\":\"2024-05-31T03:42:49Z\",\"Lifetime\":300,\"ClientId\":\"payrollclient\",\"Subject\":{\"AuthenticationType\":\"IdentityServer4\",\"Claims\":[{\"Type\":\"sub\",\"Value\":\"admin\",\"ValueType\":\"http://www.w3.org/2001/XMLSchema#string\"},{\"Type\":\"auth_time\",\"Value\":\"1717117791\",\"ValueType\":\"http://www.w3.org/2001/XMLSchema#string\"},{\"Type\":\"idp\",\"Value\":\"local\",\"ValueType\":\"http://www.w3.org/2001/XMLSchema#string\"},{\"Type\":\"amr\",\"Value\":\"pwd\",\"ValueType\":\"http://www.w3.org/2001/XMLSchema#string\"}]},\"IsOpenId\":true,\"RequestedScopes\":[\"openid\"],\"RedirectUri\":\"http://localhost:5173/signin-callback\",\"Nonce\":null,\"StateHash\":\"8Njc412a92hZ6qIRLQu47A\",\"WasConsentShown\":false,\"SessionId\":\"qtrLa5MovZZpaG8UyUG5Hw\",\"CodeChallenge\":\"UWw++XlIGOesBz64uJoFmkXcpvAnAOruhy8kXoihv84=\",\"CodeChallengeMethod\":\"S256\",\"Properties\":{}}'),('SByufSYmyR/WU6GL4VGHrDMV22nPX18caWqL3d6saIE=','authorization_code','superadmin','payrollclient','2024-06-01 06:49:00.000000','2024-06-01 06:54:00.000000','{\"CreationTime\":\"2024-06-01T06:49:00Z\",\"Lifetime\":300,\"ClientId\":\"payrollclient\",\"Subject\":{\"AuthenticationType\":\"IdentityServer4\",\"Claims\":[{\"Type\":\"sub\",\"Value\":\"superadmin\",\"ValueType\":\"http://www.w3.org/2001/XMLSchema#string\"},{\"Type\":\"auth_time\",\"Value\":\"1717215698\",\"ValueType\":\"http://www.w3.org/2001/XMLSchema#string\"},{\"Type\":\"idp\",\"Value\":\"local\",\"ValueType\":\"http://www.w3.org/2001/XMLSchema#string\"},{\"Type\":\"amr\",\"Value\":\"pwd\",\"ValueType\":\"http://www.w3.org/2001/XMLSchema#string\"}]},\"IsOpenId\":true,\"RequestedScopes\":[\"openid\"],\"RedirectUri\":\"http://localhost:5173/signin-callback\",\"Nonce\":null,\"StateHash\":\"2cSFWeqMDhxrYi1gcgJfbA\",\"WasConsentShown\":false,\"SessionId\":\"_jVHar6Y4TAGyOTsujwIHQ\",\"CodeChallenge\":\"bvTtlD2nT+09to8k1bvcBNYuq5TAMoSma6vEl3B9eYc=\",\"CodeChallengeMethod\":\"S256\",\"Properties\":{}}'),('Slaq1hCEog+J0TPBJxFvyWBjdmL0W/AUcAQ5/sOMUmA=','authorization_code','registrareditest','payrollclient','2024-06-01 09:48:00.000000','2024-06-01 09:53:00.000000','{\"CreationTime\":\"2024-06-01T09:48:00Z\",\"Lifetime\":300,\"ClientId\":\"payrollclient\",\"Subject\":{\"AuthenticationType\":\"IdentityServer4\",\"Claims\":[{\"Type\":\"sub\",\"Value\":\"registrareditest\",\"ValueType\":\"http://www.w3.org/2001/XMLSchema#string\"},{\"Type\":\"auth_time\",\"Value\":\"1717228780\",\"ValueType\":\"http://www.w3.org/2001/XMLSchema#string\"},{\"Type\":\"idp\",\"Value\":\"local\",\"ValueType\":\"http://www.w3.org/2001/XMLSchema#string\"},{\"Type\":\"amr\",\"Value\":\"pwd\",\"ValueType\":\"http://www.w3.org/2001/XMLSchema#string\"}]},\"IsOpenId\":true,\"RequestedScopes\":[\"openid\"],\"RedirectUri\":\"http://localhost:5173/signin-callback\",\"Nonce\":null,\"StateHash\":\"H_Hhhcc1qt_BbuUZAZZhwA\",\"WasConsentShown\":false,\"SessionId\":\"uvG8XPg9yVxvwZbJgRukBg\",\"CodeChallenge\":\"gy7Q1jtzaWHqPnEMukszHq/0WYCdGKHs18Wu0e4FQRI=\",\"CodeChallengeMethod\":\"S256\",\"Properties\":{}}'),('t21TYiadyR+JQYkFcSbS4Z5soHHGzqdZx6FK8qe9NwA=','authorization_code','registrareditest','payrollclient','2024-06-01 09:18:00.000000','2024-06-01 09:23:00.000000','{\"CreationTime\":\"2024-06-01T09:18:00Z\",\"Lifetime\":300,\"ClientId\":\"payrollclient\",\"Subject\":{\"AuthenticationType\":\"IdentityServer4\",\"Claims\":[{\"Type\":\"sub\",\"Value\":\"registrareditest\",\"ValueType\":\"http://www.w3.org/2001/XMLSchema#string\"},{\"Type\":\"auth_time\",\"Value\":\"1717228780\",\"ValueType\":\"http://www.w3.org/2001/XMLSchema#string\"},{\"Type\":\"idp\",\"Value\":\"local\",\"ValueType\":\"http://www.w3.org/2001/XMLSchema#string\"},{\"Type\":\"amr\",\"Value\":\"pwd\",\"ValueType\":\"http://www.w3.org/2001/XMLSchema#string\"}]},\"IsOpenId\":true,\"RequestedScopes\":[\"openid\"],\"RedirectUri\":\"http://localhost:5173/signin-callback\",\"Nonce\":null,\"StateHash\":\"YPkSqUMqqOuYoFfyxBD67Q\",\"WasConsentShown\":false,\"SessionId\":\"uvG8XPg9yVxvwZbJgRukBg\",\"CodeChallenge\":\"0bAhl1TDELR5oB+mbzRitW5GLOrWP3OfQWZeXgk4X/k=\",\"CodeChallengeMethod\":\"S256\",\"Properties\":{}}'),('Tb51TYjWvHo6s3FHipOlEf36q/yHUjcz/Yu+AOKVrPI=','authorization_code','superadmin','payrollclient','2024-06-02 05:03:04.000000','2024-06-02 05:08:04.000000','{\"CreationTime\":\"2024-06-02T05:03:04Z\",\"Lifetime\":300,\"ClientId\":\"payrollclient\",\"Subject\":{\"AuthenticationType\":\"IdentityServer4\",\"Claims\":[{\"Type\":\"sub\",\"Value\":\"superadmin\",\"ValueType\":\"http://www.w3.org/2001/XMLSchema#string\"},{\"Type\":\"auth_time\",\"Value\":\"1717301019\",\"ValueType\":\"http://www.w3.org/2001/XMLSchema#string\"},{\"Type\":\"idp\",\"Value\":\"local\",\"ValueType\":\"http://www.w3.org/2001/XMLSchema#string\"},{\"Type\":\"amr\",\"Value\":\"pwd\",\"ValueType\":\"http://www.w3.org/2001/XMLSchema#string\"}]},\"IsOpenId\":true,\"RequestedScopes\":[\"openid\"],\"RedirectUri\":\"http://localhost:5173/signin-callback\",\"Nonce\":null,\"StateHash\":\"ECOfM8E1qpNBF0Zubl9aUg\",\"WasConsentShown\":false,\"SessionId\":\"ko8tKU2uN51SIPnqZsbo1Q\",\"CodeChallenge\":\"gWeM9tlMHFJiYE9pKCrj10A/rLPArocP7qJIBXQbx8s=\",\"CodeChallengeMethod\":\"S256\",\"Properties\":{}}'),('TImbIR2klWgKmMnTYDmjF0v6loU7+jQt7fxXtMef+kA=','authorization_code','superadmin','payrollclient','2024-06-02 05:02:51.000000','2024-06-02 05:07:51.000000','{\"CreationTime\":\"2024-06-02T05:02:51Z\",\"Lifetime\":300,\"ClientId\":\"payrollclient\",\"Subject\":{\"AuthenticationType\":\"IdentityServer4\",\"Claims\":[{\"Type\":\"sub\",\"Value\":\"superadmin\",\"ValueType\":\"http://www.w3.org/2001/XMLSchema#string\"},{\"Type\":\"auth_time\",\"Value\":\"1717301019\",\"ValueType\":\"http://www.w3.org/2001/XMLSchema#string\"},{\"Type\":\"idp\",\"Value\":\"local\",\"ValueType\":\"http://www.w3.org/2001/XMLSchema#string\"},{\"Type\":\"amr\",\"Value\":\"pwd\",\"ValueType\":\"http://www.w3.org/2001/XMLSchema#string\"}]},\"IsOpenId\":true,\"RequestedScopes\":[\"openid\"],\"RedirectUri\":\"http://localhost:5173/signin-callback\",\"Nonce\":null,\"StateHash\":\"MiPS1qJrdRaY-hnhCd2MqA\",\"WasConsentShown\":false,\"SessionId\":\"ko8tKU2uN51SIPnqZsbo1Q\",\"CodeChallenge\":\"D7SoQYWkKv6s6V2tC3zJcYW6raFCHzybSVPy0Ztfo9g=\",\"CodeChallengeMethod\":\"S256\",\"Properties\":{}}'),('tLpFJYPmGqoiYQcmUV1N3aS0SMS9+pmfdTOsamHIhnI=','authorization_code','registrareditest','payrollclient','2024-06-01 09:38:00.000000','2024-06-01 09:43:00.000000','{\"CreationTime\":\"2024-06-01T09:38:00Z\",\"Lifetime\":300,\"ClientId\":\"payrollclient\",\"Subject\":{\"AuthenticationType\":\"IdentityServer4\",\"Claims\":[{\"Type\":\"sub\",\"Value\":\"registrareditest\",\"ValueType\":\"http://www.w3.org/2001/XMLSchema#string\"},{\"Type\":\"auth_time\",\"Value\":\"1717228780\",\"ValueType\":\"http://www.w3.org/2001/XMLSchema#string\"},{\"Type\":\"idp\",\"Value\":\"local\",\"ValueType\":\"http://www.w3.org/2001/XMLSchema#string\"},{\"Type\":\"amr\",\"Value\":\"pwd\",\"ValueType\":\"http://www.w3.org/2001/XMLSchema#string\"}]},\"IsOpenId\":true,\"RequestedScopes\":[\"openid\"],\"RedirectUri\":\"http://localhost:5173/signin-callback\",\"Nonce\":null,\"StateHash\":\"s7P7kbfRGT-5JjvWMl-jHQ\",\"WasConsentShown\":false,\"SessionId\":\"uvG8XPg9yVxvwZbJgRukBg\",\"CodeChallenge\":\"Gu4SeVIBQjb5nW0jzBoF69IaHhdrS0VXSUQWzYfzj6k=\",\"CodeChallengeMethod\":\"S256\",\"Properties\":{}}'),('TlQ8CN5E0YWgvweq6A4Yz4OYLGZIyT6zSzlancoZrtU=','authorization_code','registrareditest','payrollclient','2024-06-01 09:24:00.000000','2024-06-01 09:29:00.000000','{\"CreationTime\":\"2024-06-01T09:24:00Z\",\"Lifetime\":300,\"ClientId\":\"payrollclient\",\"Subject\":{\"AuthenticationType\":\"IdentityServer4\",\"Claims\":[{\"Type\":\"sub\",\"Value\":\"registrareditest\",\"ValueType\":\"http://www.w3.org/2001/XMLSchema#string\"},{\"Type\":\"auth_time\",\"Value\":\"1717228780\",\"ValueType\":\"http://www.w3.org/2001/XMLSchema#string\"},{\"Type\":\"idp\",\"Value\":\"local\",\"ValueType\":\"http://www.w3.org/2001/XMLSchema#string\"},{\"Type\":\"amr\",\"Value\":\"pwd\",\"ValueType\":\"http://www.w3.org/2001/XMLSchema#string\"}]},\"IsOpenId\":true,\"RequestedScopes\":[\"openid\"],\"RedirectUri\":\"http://localhost:5173/signin-callback\",\"Nonce\":null,\"StateHash\":\"4e8lXP14zY1wtmUw7sgy2Q\",\"WasConsentShown\":false,\"SessionId\":\"uvG8XPg9yVxvwZbJgRukBg\",\"CodeChallenge\":\"Mny2a4NizeAfjWpKxBUtTTiQTZLudftVCpMfzzUgAhM=\",\"CodeChallengeMethod\":\"S256\",\"Properties\":{}}'),('tUoCYVa2/dPgBk8TGZ5cLR1Ma2rHNw32tAYeRVO8iDM=','authorization_code','superadmin','payrollclient','2024-06-02 05:03:15.000000','2024-06-02 05:08:15.000000','{\"CreationTime\":\"2024-06-02T05:03:15Z\",\"Lifetime\":300,\"ClientId\":\"payrollclient\",\"Subject\":{\"AuthenticationType\":\"IdentityServer4\",\"Claims\":[{\"Type\":\"sub\",\"Value\":\"superadmin\",\"ValueType\":\"http://www.w3.org/2001/XMLSchema#string\"},{\"Type\":\"auth_time\",\"Value\":\"1717301019\",\"ValueType\":\"http://www.w3.org/2001/XMLSchema#string\"},{\"Type\":\"idp\",\"Value\":\"local\",\"ValueType\":\"http://www.w3.org/2001/XMLSchema#string\"},{\"Type\":\"amr\",\"Value\":\"pwd\",\"ValueType\":\"http://www.w3.org/2001/XMLSchema#string\"}]},\"IsOpenId\":true,\"RequestedScopes\":[\"openid\"],\"RedirectUri\":\"http://localhost:5173/signin-callback\",\"Nonce\":null,\"StateHash\":\"SkH4ayk2BCD2Poa1mVbzkw\",\"WasConsentShown\":false,\"SessionId\":\"ko8tKU2uN51SIPnqZsbo1Q\",\"CodeChallenge\":\"MwgpWZXJg4k/eZi2lOQLQYpF1XfJ43EToPjdemceIyg=\",\"CodeChallengeMethod\":\"S256\",\"Properties\":{}}'),('UOi9CU2KxaHAzmRE0J5KUW2WPDsfQfTFiXSUluvNUUk=','authorization_code','superadmin','payrollclient','2024-06-01 06:57:00.000000','2024-06-01 07:02:00.000000','{\"CreationTime\":\"2024-06-01T06:57:00Z\",\"Lifetime\":300,\"ClientId\":\"payrollclient\",\"Subject\":{\"AuthenticationType\":\"IdentityServer4\",\"Claims\":[{\"Type\":\"sub\",\"Value\":\"superadmin\",\"ValueType\":\"http://www.w3.org/2001/XMLSchema#string\"},{\"Type\":\"auth_time\",\"Value\":\"1717215698\",\"ValueType\":\"http://www.w3.org/2001/XMLSchema#string\"},{\"Type\":\"idp\",\"Value\":\"local\",\"ValueType\":\"http://www.w3.org/2001/XMLSchema#string\"},{\"Type\":\"amr\",\"Value\":\"pwd\",\"ValueType\":\"http://www.w3.org/2001/XMLSchema#string\"}]},\"IsOpenId\":true,\"RequestedScopes\":[\"openid\"],\"RedirectUri\":\"http://localhost:5173/signin-callback\",\"Nonce\":null,\"StateHash\":\"lc-vCMzUTvwXVIPkva33Mg\",\"WasConsentShown\":false,\"SessionId\":\"_jVHar6Y4TAGyOTsujwIHQ\",\"CodeChallenge\":\"/xIXBO/VEkx87/eatHHP2d8tWqX9St8dMXNShtkKlvM=\",\"CodeChallengeMethod\":\"S256\",\"Properties\":{}}'),('V4UnKDZO7I8L9FF0CbUlihcKxGpXJAvJJ9ph2Eaiusc=','authorization_code','superadmin','payrollclient','2024-06-02 05:03:21.000000','2024-06-02 05:08:21.000000','{\"CreationTime\":\"2024-06-02T05:03:21Z\",\"Lifetime\":300,\"ClientId\":\"payrollclient\",\"Subject\":{\"AuthenticationType\":\"IdentityServer4\",\"Claims\":[{\"Type\":\"sub\",\"Value\":\"superadmin\",\"ValueType\":\"http://www.w3.org/2001/XMLSchema#string\"},{\"Type\":\"auth_time\",\"Value\":\"1717301019\",\"ValueType\":\"http://www.w3.org/2001/XMLSchema#string\"},{\"Type\":\"idp\",\"Value\":\"local\",\"ValueType\":\"http://www.w3.org/2001/XMLSchema#string\"},{\"Type\":\"amr\",\"Value\":\"pwd\",\"ValueType\":\"http://www.w3.org/2001/XMLSchema#string\"}]},\"IsOpenId\":true,\"RequestedScopes\":[\"openid\"],\"RedirectUri\":\"http://localhost:5173/signin-callback\",\"Nonce\":null,\"StateHash\":\"BAhDpx_st2AvmCChJ5Il6Q\",\"WasConsentShown\":false,\"SessionId\":\"ko8tKU2uN51SIPnqZsbo1Q\",\"CodeChallenge\":\"fJqKKsEpZg30klNUEuJYgUOKgCoDQQ9R8nNrX0SAtWA=\",\"CodeChallengeMethod\":\"S256\",\"Properties\":{}}'),('vBO/nMSPhZ3PBREyNMpCvfXKtlU+kF2wnOtosEeTwgg=','authorization_code','superadmin','payrollclient','2024-06-01 06:47:00.000000','2024-06-01 06:52:00.000000','{\"CreationTime\":\"2024-06-01T06:47:00Z\",\"Lifetime\":300,\"ClientId\":\"payrollclient\",\"Subject\":{\"AuthenticationType\":\"IdentityServer4\",\"Claims\":[{\"Type\":\"sub\",\"Value\":\"superadmin\",\"ValueType\":\"http://www.w3.org/2001/XMLSchema#string\"},{\"Type\":\"auth_time\",\"Value\":\"1717215698\",\"ValueType\":\"http://www.w3.org/2001/XMLSchema#string\"},{\"Type\":\"idp\",\"Value\":\"local\",\"ValueType\":\"http://www.w3.org/2001/XMLSchema#string\"},{\"Type\":\"amr\",\"Value\":\"pwd\",\"ValueType\":\"http://www.w3.org/2001/XMLSchema#string\"}]},\"IsOpenId\":true,\"RequestedScopes\":[\"openid\"],\"RedirectUri\":\"http://localhost:5173/signin-callback\",\"Nonce\":null,\"StateHash\":\"LiChfdLY75h9cO4oIqAyTQ\",\"WasConsentShown\":false,\"SessionId\":\"_jVHar6Y4TAGyOTsujwIHQ\",\"CodeChallenge\":\"/4/Bhmx+lzDV8m6ZGFQfUtcf4Tnte3bQ+jSk+jK9Lcg=\",\"CodeChallengeMethod\":\"S256\",\"Properties\":{}}'),('vc1t+n64bbgEBhZrwQcqLk3TiWAM+eNZ5AoCVL4jnl0=','authorization_code','superadmin','payrollclient','2024-06-02 05:04:18.000000','2024-06-02 05:09:18.000000','{\"CreationTime\":\"2024-06-02T05:04:18Z\",\"Lifetime\":300,\"ClientId\":\"payrollclient\",\"Subject\":{\"AuthenticationType\":\"IdentityServer4\",\"Claims\":[{\"Type\":\"sub\",\"Value\":\"superadmin\",\"ValueType\":\"http://www.w3.org/2001/XMLSchema#string\"},{\"Type\":\"auth_time\",\"Value\":\"1717301019\",\"ValueType\":\"http://www.w3.org/2001/XMLSchema#string\"},{\"Type\":\"idp\",\"Value\":\"local\",\"ValueType\":\"http://www.w3.org/2001/XMLSchema#string\"},{\"Type\":\"amr\",\"Value\":\"pwd\",\"ValueType\":\"http://www.w3.org/2001/XMLSchema#string\"}]},\"IsOpenId\":true,\"RequestedScopes\":[\"openid\"],\"RedirectUri\":\"http://localhost:5173/signin-callback\",\"Nonce\":null,\"StateHash\":\"pRYBY-Rd5sR4_xopkkD5Rw\",\"WasConsentShown\":false,\"SessionId\":\"ko8tKU2uN51SIPnqZsbo1Q\",\"CodeChallenge\":\"9l8B48svJwRcNRvF4ilcivdfHkM0h9r4bUIH9yOPCjg=\",\"CodeChallengeMethod\":\"S256\",\"Properties\":{}}'),('Vu8TwStzFaZPKYKbDH5sx27tBn008jl1RXXa7phw0v0=','authorization_code','superadmin','payrollclient','2024-06-02 05:03:00.000000','2024-06-02 05:08:00.000000','{\"CreationTime\":\"2024-06-02T05:03:00Z\",\"Lifetime\":300,\"ClientId\":\"payrollclient\",\"Subject\":{\"AuthenticationType\":\"IdentityServer4\",\"Claims\":[{\"Type\":\"sub\",\"Value\":\"superadmin\",\"ValueType\":\"http://www.w3.org/2001/XMLSchema#string\"},{\"Type\":\"auth_time\",\"Value\":\"1717301019\",\"ValueType\":\"http://www.w3.org/2001/XMLSchema#string\"},{\"Type\":\"idp\",\"Value\":\"local\",\"ValueType\":\"http://www.w3.org/2001/XMLSchema#string\"},{\"Type\":\"amr\",\"Value\":\"pwd\",\"ValueType\":\"http://www.w3.org/2001/XMLSchema#string\"}]},\"IsOpenId\":true,\"RequestedScopes\":[\"openid\"],\"RedirectUri\":\"http://localhost:5173/signin-callback\",\"Nonce\":null,\"StateHash\":\"K7FK7VrJ85Z0fc3FBHCrtA\",\"WasConsentShown\":false,\"SessionId\":\"ko8tKU2uN51SIPnqZsbo1Q\",\"CodeChallenge\":\"NyJJchwYLB6ZhrDyvzEyX5AgAN49G9Zr8kSqv5Rzvc8=\",\"CodeChallengeMethod\":\"S256\",\"Properties\":{}}'),('W2FhbtA+r45HkIGy3GnmzPPvq98Xtmfu3Ant5qsPqjk=','authorization_code','superadmin','payrollclient','2024-06-01 06:15:00.000000','2024-06-01 06:20:00.000000','{\"CreationTime\":\"2024-06-01T06:15:00Z\",\"Lifetime\":300,\"ClientId\":\"payrollclient\",\"Subject\":{\"AuthenticationType\":\"IdentityServer4\",\"Claims\":[{\"Type\":\"sub\",\"Value\":\"superadmin\",\"ValueType\":\"http://www.w3.org/2001/XMLSchema#string\"},{\"Type\":\"auth_time\",\"Value\":\"1717215698\",\"ValueType\":\"http://www.w3.org/2001/XMLSchema#string\"},{\"Type\":\"idp\",\"Value\":\"local\",\"ValueType\":\"http://www.w3.org/2001/XMLSchema#string\"},{\"Type\":\"amr\",\"Value\":\"pwd\",\"ValueType\":\"http://www.w3.org/2001/XMLSchema#string\"}]},\"IsOpenId\":true,\"RequestedScopes\":[\"openid\"],\"RedirectUri\":\"http://localhost:5173/signin-callback\",\"Nonce\":null,\"StateHash\":\"rQIjs7s8a4UrgpdHgPzIKQ\",\"WasConsentShown\":false,\"SessionId\":\"_jVHar6Y4TAGyOTsujwIHQ\",\"CodeChallenge\":\"ZhjRq1ZP59N6QREXE4rRqKh6bjJ3cMQhnHNM0SJSOPw=\",\"CodeChallengeMethod\":\"S256\",\"Properties\":{}}'),('WJMAfurVHOVYzYYOmy1SO2e2UQVD4rvevtsuKyb/nZ4=','authorization_code','registrar12','payrollclient','2024-06-07 01:40:28.000000','2024-06-07 01:45:28.000000','{\"CreationTime\":\"2024-06-07T01:40:28Z\",\"Lifetime\":300,\"ClientId\":\"payrollclient\",\"Subject\":{\"AuthenticationType\":\"IdentityServer4\",\"Claims\":[{\"Type\":\"sub\",\"Value\":\"registrar12\",\"ValueType\":\"http://www.w3.org/2001/XMLSchema#string\"},{\"Type\":\"auth_time\",\"Value\":\"1717720824\",\"ValueType\":\"http://www.w3.org/2001/XMLSchema#string\"},{\"Type\":\"idp\",\"Value\":\"local\",\"ValueType\":\"http://www.w3.org/2001/XMLSchema#string\"},{\"Type\":\"amr\",\"Value\":\"pwd\",\"ValueType\":\"http://www.w3.org/2001/XMLSchema#string\"}]},\"IsOpenId\":true,\"RequestedScopes\":[\"openid\"],\"RedirectUri\":\"http://localhost:5173/signin-callback\",\"Nonce\":null,\"StateHash\":\"_RajsL9pWkoDPzqJ1vQmVA\",\"WasConsentShown\":false,\"SessionId\":\"oYa_xD_lZjs_6ZfBu3CsbQ\",\"CodeChallenge\":\"Hji9pI8Qk+NTpO4/S2QWvWEB+4L6uwoP8eq88jecEr0=\",\"CodeChallengeMethod\":\"S256\",\"Properties\":{}}'),('wwb4LcK8YzkOVmH5Jr3AeB4dWQZCNoKGjwvKUiVV7Mw=','authorization_code','registrar12','payrollclient','2024-06-07 01:41:02.000000','2024-06-07 01:46:02.000000','{\"CreationTime\":\"2024-06-07T01:41:02Z\",\"Lifetime\":300,\"ClientId\":\"payrollclient\",\"Subject\":{\"AuthenticationType\":\"IdentityServer4\",\"Claims\":[{\"Type\":\"sub\",\"Value\":\"registrar12\",\"ValueType\":\"http://www.w3.org/2001/XMLSchema#string\"},{\"Type\":\"auth_time\",\"Value\":\"1717720824\",\"ValueType\":\"http://www.w3.org/2001/XMLSchema#string\"},{\"Type\":\"idp\",\"Value\":\"local\",\"ValueType\":\"http://www.w3.org/2001/XMLSchema#string\"},{\"Type\":\"amr\",\"Value\":\"pwd\",\"ValueType\":\"http://www.w3.org/2001/XMLSchema#string\"}]},\"IsOpenId\":true,\"RequestedScopes\":[\"openid\"],\"RedirectUri\":\"http://localhost:5173/signin-callback\",\"Nonce\":null,\"StateHash\":\"77SWKDsHEuU-kBKrsnj0gQ\",\"WasConsentShown\":false,\"SessionId\":\"oYa_xD_lZjs_6ZfBu3CsbQ\",\"CodeChallenge\":\"d7JOl1MO6vwNuutt4V3xKIG7MVdFa/i4fTXUGrPeBGk=\",\"CodeChallengeMethod\":\"S256\",\"Properties\":{}}'),('x+SiSPtnc+YCv6Z4dsMCqRmVOE3QdjeWbw4MSj/eUJA=','authorization_code','superadmin','payrollclient','2024-06-01 06:25:00.000000','2024-06-01 06:30:00.000000','{\"CreationTime\":\"2024-06-01T06:25:00Z\",\"Lifetime\":300,\"ClientId\":\"payrollclient\",\"Subject\":{\"AuthenticationType\":\"IdentityServer4\",\"Claims\":[{\"Type\":\"sub\",\"Value\":\"superadmin\",\"ValueType\":\"http://www.w3.org/2001/XMLSchema#string\"},{\"Type\":\"auth_time\",\"Value\":\"1717215698\",\"ValueType\":\"http://www.w3.org/2001/XMLSchema#string\"},{\"Type\":\"idp\",\"Value\":\"local\",\"ValueType\":\"http://www.w3.org/2001/XMLSchema#string\"},{\"Type\":\"amr\",\"Value\":\"pwd\",\"ValueType\":\"http://www.w3.org/2001/XMLSchema#string\"}]},\"IsOpenId\":true,\"RequestedScopes\":[\"openid\"],\"RedirectUri\":\"http://localhost:5173/signin-callback\",\"Nonce\":null,\"StateHash\":\"5Vea0DbFZ67EB1-VeTJVTQ\",\"WasConsentShown\":false,\"SessionId\":\"_jVHar6Y4TAGyOTsujwIHQ\",\"CodeChallenge\":\"9etyIL5vAiVHsLCCdyZfrRqiLJMHGc0QysZ6Sb2Gwr4=\",\"CodeChallengeMethod\":\"S256\",\"Properties\":{}}'),('Xd+EiHTtsWAwI/IghoIGFWlcL5Em9qhaSGDGBW7piMI=','authorization_code','registrareditest','payrollclient','2024-06-01 08:59:40.000000','2024-06-01 09:04:40.000000','{\"CreationTime\":\"2024-06-01T08:59:40Z\",\"Lifetime\":300,\"ClientId\":\"payrollclient\",\"Subject\":{\"AuthenticationType\":\"IdentityServer4\",\"Claims\":[{\"Type\":\"sub\",\"Value\":\"registrareditest\",\"ValueType\":\"http://www.w3.org/2001/XMLSchema#string\"},{\"Type\":\"auth_time\",\"Value\":\"1717228780\",\"ValueType\":\"http://www.w3.org/2001/XMLSchema#string\"},{\"Type\":\"idp\",\"Value\":\"local\",\"ValueType\":\"http://www.w3.org/2001/XMLSchema#string\"},{\"Type\":\"amr\",\"Value\":\"pwd\",\"ValueType\":\"http://www.w3.org/2001/XMLSchema#string\"}]},\"IsOpenId\":true,\"RequestedScopes\":[\"openid\"],\"RedirectUri\":\"http://localhost:5173/signin-callback\",\"Nonce\":null,\"StateHash\":\"fs-4MbTCdTg-MgGzkOZMkg\",\"WasConsentShown\":false,\"SessionId\":\"uvG8XPg9yVxvwZbJgRukBg\",\"CodeChallenge\":\"Wd3HLB0ZC8rFk+EZCseRaJZ1s0jN+L3lvsUXC6FBAJU=\",\"CodeChallengeMethod\":\"S256\",\"Properties\":{}}'),('Xdqp2+MXeqQY8k7U/2rHHZnU7DwWm4Sha5NrKHbA1qI=','authorization_code','joshuaharvillecaranzo@gmail.com','payrollclient','2024-06-06 23:21:00.000000','2024-06-06 23:26:00.000000','{\"CreationTime\":\"2024-06-06T23:21:00Z\",\"Lifetime\":300,\"ClientId\":\"payrollclient\",\"Subject\":{\"AuthenticationType\":\"IdentityServer4\",\"Claims\":[{\"Type\":\"sub\",\"Value\":\"joshuaharvillecaranzo@gmail.com\",\"ValueType\":\"http://www.w3.org/2001/XMLSchema#string\"},{\"Type\":\"auth_time\",\"Value\":\"1717692038\",\"ValueType\":\"http://www.w3.org/2001/XMLSchema#string\"},{\"Type\":\"idp\",\"Value\":\"local\",\"ValueType\":\"http://www.w3.org/2001/XMLSchema#string\"},{\"Type\":\"amr\",\"Value\":\"pwd\",\"ValueType\":\"http://www.w3.org/2001/XMLSchema#string\"}]},\"IsOpenId\":true,\"RequestedScopes\":[\"openid\"],\"RedirectUri\":\"http://localhost:5173/signin-callback\",\"Nonce\":null,\"StateHash\":\"HQ70Oi_Vaz9wb0hSeEPXQA\",\"WasConsentShown\":false,\"SessionId\":\"y96Fn9Z7j3_-gh0iExW_JQ\",\"CodeChallenge\":\"HVP9IXAvGt4clLoz6vVmMtmnTFZibb09F8vygWIm4HI=\",\"CodeChallengeMethod\":\"S256\",\"Properties\":{}}'),('xQ6+zAjDWHv0BF7ythtDJoyUqIzsY2atHX3ZI4rx+H8=','authorization_code','registrareditest','payrollclient','2024-06-01 08:59:21.000000','2024-06-01 09:04:21.000000','{\"CreationTime\":\"2024-06-01T08:59:21Z\",\"Lifetime\":300,\"ClientId\":\"payrollclient\",\"Subject\":{\"AuthenticationType\":\"IdentityServer4\",\"Claims\":[{\"Type\":\"sub\",\"Value\":\"registrareditest\",\"ValueType\":\"http://www.w3.org/2001/XMLSchema#string\"},{\"Type\":\"auth_time\",\"Value\":\"1717228780\",\"ValueType\":\"http://www.w3.org/2001/XMLSchema#string\"},{\"Type\":\"idp\",\"Value\":\"local\",\"ValueType\":\"http://www.w3.org/2001/XMLSchema#string\"},{\"Type\":\"amr\",\"Value\":\"pwd\",\"ValueType\":\"http://www.w3.org/2001/XMLSchema#string\"}]},\"IsOpenId\":true,\"RequestedScopes\":[\"openid\"],\"RedirectUri\":\"http://localhost:5173/signin-callback\",\"Nonce\":null,\"StateHash\":\"TryxeuBW1sqFhVu7hDl_Aw\",\"WasConsentShown\":false,\"SessionId\":\"uvG8XPg9yVxvwZbJgRukBg\",\"CodeChallenge\":\"mxmbYnLOech81PPllsIOSiKjnatpQKeuP1KFnoR7zlo=\",\"CodeChallengeMethod\":\"S256\",\"Properties\":{}}'),('xQ7v1SNwtDdOK7i7W+xxBGvge1C2KJwjmUq9J/wD2mc=','authorization_code','registrareditest','payrollclient','2024-06-01 08:59:34.000000','2024-06-01 09:04:34.000000','{\"CreationTime\":\"2024-06-01T08:59:34Z\",\"Lifetime\":300,\"ClientId\":\"payrollclient\",\"Subject\":{\"AuthenticationType\":\"IdentityServer4\",\"Claims\":[{\"Type\":\"sub\",\"Value\":\"registrareditest\",\"ValueType\":\"http://www.w3.org/2001/XMLSchema#string\"},{\"Type\":\"auth_time\",\"Value\":\"1717228780\",\"ValueType\":\"http://www.w3.org/2001/XMLSchema#string\"},{\"Type\":\"idp\",\"Value\":\"local\",\"ValueType\":\"http://www.w3.org/2001/XMLSchema#string\"},{\"Type\":\"amr\",\"Value\":\"pwd\",\"ValueType\":\"http://www.w3.org/2001/XMLSchema#string\"}]},\"IsOpenId\":true,\"RequestedScopes\":[\"openid\"],\"RedirectUri\":\"http://localhost:5173/signin-callback\",\"Nonce\":null,\"StateHash\":\"4pgP4Hriipm7LWnGVi6R0A\",\"WasConsentShown\":false,\"SessionId\":\"uvG8XPg9yVxvwZbJgRukBg\",\"CodeChallenge\":\"scUeMbEEOmQAbKiMnexSWKTwJCPSfWDDcY7hJh1FjTE=\",\"CodeChallengeMethod\":\"S256\",\"Properties\":{}}'),('xrKDtp61SV0xjTSuYVJbXPx8kqTdXLhb0y31CWRI7GQ=','authorization_code','superadmin','payrollclient','2024-06-01 06:37:00.000000','2024-06-01 06:42:00.000000','{\"CreationTime\":\"2024-06-01T06:37:00Z\",\"Lifetime\":300,\"ClientId\":\"payrollclient\",\"Subject\":{\"AuthenticationType\":\"IdentityServer4\",\"Claims\":[{\"Type\":\"sub\",\"Value\":\"superadmin\",\"ValueType\":\"http://www.w3.org/2001/XMLSchema#string\"},{\"Type\":\"auth_time\",\"Value\":\"1717215698\",\"ValueType\":\"http://www.w3.org/2001/XMLSchema#string\"},{\"Type\":\"idp\",\"Value\":\"local\",\"ValueType\":\"http://www.w3.org/2001/XMLSchema#string\"},{\"Type\":\"amr\",\"Value\":\"pwd\",\"ValueType\":\"http://www.w3.org/2001/XMLSchema#string\"}]},\"IsOpenId\":true,\"RequestedScopes\":[\"openid\"],\"RedirectUri\":\"http://localhost:5173/signin-callback\",\"Nonce\":null,\"StateHash\":\"QV4vj41W8j88_QYrGaSRRA\",\"WasConsentShown\":false,\"SessionId\":\"_jVHar6Y4TAGyOTsujwIHQ\",\"CodeChallenge\":\"hYHzgGOtfM5fSC7SfDYnAE7PLsCHzweij7a8WBIBIY0=\",\"CodeChallengeMethod\":\"S256\",\"Properties\":{}}'),('xvya7gLUO/t7NqvJkqs11i0GYd133vMdjOdE1SP4y3M=','authorization_code','registrar12','payrollclient','2024-06-07 01:40:11.000000','2024-06-07 01:45:11.000000','{\"CreationTime\":\"2024-06-07T01:40:11Z\",\"Lifetime\":300,\"ClientId\":\"payrollclient\",\"Subject\":{\"AuthenticationType\":\"IdentityServer4\",\"Claims\":[{\"Type\":\"sub\",\"Value\":\"registrar12\",\"ValueType\":\"http://www.w3.org/2001/XMLSchema#string\"},{\"Type\":\"auth_time\",\"Value\":\"1717720824\",\"ValueType\":\"http://www.w3.org/2001/XMLSchema#string\"},{\"Type\":\"idp\",\"Value\":\"local\",\"ValueType\":\"http://www.w3.org/2001/XMLSchema#string\"},{\"Type\":\"amr\",\"Value\":\"pwd\",\"ValueType\":\"http://www.w3.org/2001/XMLSchema#string\"}]},\"IsOpenId\":true,\"RequestedScopes\":[\"openid\"],\"RedirectUri\":\"http://localhost:5173/signin-callback\",\"Nonce\":null,\"StateHash\":\"oVILPMlh76Rw0nepedoZJQ\",\"WasConsentShown\":false,\"SessionId\":\"oYa_xD_lZjs_6ZfBu3CsbQ\",\"CodeChallenge\":\"ze272pyATESiGVcCZbzUaX3SzMcK9aR/qKKlsMugKRk=\",\"CodeChallengeMethod\":\"S256\",\"Properties\":{}}'),('y2MOX+ALBJb/6qnm8wOFadlJOi97SDUY1jqzY4plLQw=','authorization_code','registrar12','payrollclient','2024-06-03 15:11:55.000000','2024-06-03 15:16:55.000000','{\"CreationTime\":\"2024-06-03T15:11:55Z\",\"Lifetime\":300,\"ClientId\":\"payrollclient\",\"Subject\":{\"AuthenticationType\":\"IdentityServer4\",\"Claims\":[{\"Type\":\"sub\",\"Value\":\"registrar12\",\"ValueType\":\"http://www.w3.org/2001/XMLSchema#string\"},{\"Type\":\"auth_time\",\"Value\":\"1717427515\",\"ValueType\":\"http://www.w3.org/2001/XMLSchema#string\"},{\"Type\":\"idp\",\"Value\":\"local\",\"ValueType\":\"http://www.w3.org/2001/XMLSchema#string\"},{\"Type\":\"amr\",\"Value\":\"pwd\",\"ValueType\":\"http://www.w3.org/2001/XMLSchema#string\"}]},\"IsOpenId\":true,\"RequestedScopes\":[\"openid\"],\"RedirectUri\":\"http://localhost:5173/signin-callback\",\"Nonce\":null,\"StateHash\":\"VeDKKIkZ10fmIVRcRi2PEg\",\"WasConsentShown\":false,\"SessionId\":\"2u6YCyUuUZ8iFnFv6-Oh3g\",\"CodeChallenge\":\"cokzZ3cp/9m38DGQ22yvsD3KKjVXGnd4Ov0/UIOtciY=\",\"CodeChallengeMethod\":\"S256\",\"Properties\":{}}'),('ymZ4V5MevXivSeFtWmwanM74Re0gXOdimMlQUckY5nU=','authorization_code','superadmin','payrollclient','2024-06-02 05:03:30.000000','2024-06-02 05:08:30.000000','{\"CreationTime\":\"2024-06-02T05:03:30Z\",\"Lifetime\":300,\"ClientId\":\"payrollclient\",\"Subject\":{\"AuthenticationType\":\"IdentityServer4\",\"Claims\":[{\"Type\":\"sub\",\"Value\":\"superadmin\",\"ValueType\":\"http://www.w3.org/2001/XMLSchema#string\"},{\"Type\":\"auth_time\",\"Value\":\"1717301019\",\"ValueType\":\"http://www.w3.org/2001/XMLSchema#string\"},{\"Type\":\"idp\",\"Value\":\"local\",\"ValueType\":\"http://www.w3.org/2001/XMLSchema#string\"},{\"Type\":\"amr\",\"Value\":\"pwd\",\"ValueType\":\"http://www.w3.org/2001/XMLSchema#string\"}]},\"IsOpenId\":true,\"RequestedScopes\":[\"openid\"],\"RedirectUri\":\"http://localhost:5173/signin-callback\",\"Nonce\":null,\"StateHash\":\"CPFuz3twi4a4GBOvFDKylA\",\"WasConsentShown\":false,\"SessionId\":\"ko8tKU2uN51SIPnqZsbo1Q\",\"CodeChallenge\":\"nkZ15++eT3kVh2mQYGa2bb9iKYEn6n6QAk6Y7Rgcsq8=\",\"CodeChallengeMethod\":\"S256\",\"Properties\":{}}'),('YRTXVOJYr5jtTo3vtm9O7ZCb6VxvECz/dC419g7gvNE=','authorization_code','registrareditest','payrollclient','2024-06-01 09:46:00.000000','2024-06-01 09:51:00.000000','{\"CreationTime\":\"2024-06-01T09:46:00Z\",\"Lifetime\":300,\"ClientId\":\"payrollclient\",\"Subject\":{\"AuthenticationType\":\"IdentityServer4\",\"Claims\":[{\"Type\":\"sub\",\"Value\":\"registrareditest\",\"ValueType\":\"http://www.w3.org/2001/XMLSchema#string\"},{\"Type\":\"auth_time\",\"Value\":\"1717228780\",\"ValueType\":\"http://www.w3.org/2001/XMLSchema#string\"},{\"Type\":\"idp\",\"Value\":\"local\",\"ValueType\":\"http://www.w3.org/2001/XMLSchema#string\"},{\"Type\":\"amr\",\"Value\":\"pwd\",\"ValueType\":\"http://www.w3.org/2001/XMLSchema#string\"}]},\"IsOpenId\":true,\"RequestedScopes\":[\"openid\"],\"RedirectUri\":\"http://localhost:5173/signin-callback\",\"Nonce\":null,\"StateHash\":\"hdh7qsGwPeJeopQxPqRxYA\",\"WasConsentShown\":false,\"SessionId\":\"uvG8XPg9yVxvwZbJgRukBg\",\"CodeChallenge\":\"t/0wHbRn0nlPIa0NhSQeIfTHVP+Ohx4owR8Ih7qc6zM=\",\"CodeChallengeMethod\":\"S256\",\"Properties\":{}}'),('Z+2ljnW54zeTctszRYnWwfTqfOBe6D+UVVCykGQY3JA=','authorization_code','superadmin','payrollclient','2024-06-02 05:03:36.000000','2024-06-02 05:08:36.000000','{\"CreationTime\":\"2024-06-02T05:03:36Z\",\"Lifetime\":300,\"ClientId\":\"payrollclient\",\"Subject\":{\"AuthenticationType\":\"IdentityServer4\",\"Claims\":[{\"Type\":\"sub\",\"Value\":\"superadmin\",\"ValueType\":\"http://www.w3.org/2001/XMLSchema#string\"},{\"Type\":\"auth_time\",\"Value\":\"1717301019\",\"ValueType\":\"http://www.w3.org/2001/XMLSchema#string\"},{\"Type\":\"idp\",\"Value\":\"local\",\"ValueType\":\"http://www.w3.org/2001/XMLSchema#string\"},{\"Type\":\"amr\",\"Value\":\"pwd\",\"ValueType\":\"http://www.w3.org/2001/XMLSchema#string\"}]},\"IsOpenId\":true,\"RequestedScopes\":[\"openid\"],\"RedirectUri\":\"http://localhost:5173/signin-callback\",\"Nonce\":null,\"StateHash\":\"zTrqqfaX1wfKUYrl1NDtWQ\",\"WasConsentShown\":false,\"SessionId\":\"ko8tKU2uN51SIPnqZsbo1Q\",\"CodeChallenge\":\"GWU3d4mXOOYqa1ZiqcO+VcNdGp9mAdrIVK9u+0nNFHE=\",\"CodeChallengeMethod\":\"S256\",\"Properties\":{}}'),('Z4ROaJoSTPxc1n8anOlr41cq1cb4Nu2JywwFZfbryH4=','authorization_code','superadmin','payrollclient','2024-06-01 06:27:00.000000','2024-06-01 06:32:00.000000','{\"CreationTime\":\"2024-06-01T06:27:00Z\",\"Lifetime\":300,\"ClientId\":\"payrollclient\",\"Subject\":{\"AuthenticationType\":\"IdentityServer4\",\"Claims\":[{\"Type\":\"sub\",\"Value\":\"superadmin\",\"ValueType\":\"http://www.w3.org/2001/XMLSchema#string\"},{\"Type\":\"auth_time\",\"Value\":\"1717215698\",\"ValueType\":\"http://www.w3.org/2001/XMLSchema#string\"},{\"Type\":\"idp\",\"Value\":\"local\",\"ValueType\":\"http://www.w3.org/2001/XMLSchema#string\"},{\"Type\":\"amr\",\"Value\":\"pwd\",\"ValueType\":\"http://www.w3.org/2001/XMLSchema#string\"}]},\"IsOpenId\":true,\"RequestedScopes\":[\"openid\"],\"RedirectUri\":\"http://localhost:5173/signin-callback\",\"Nonce\":null,\"StateHash\":\"BmfcT_2U8jMohNJbSzsskg\",\"WasConsentShown\":false,\"SessionId\":\"_jVHar6Y4TAGyOTsujwIHQ\",\"CodeChallenge\":\"XOVdYkjX3URtL+AuLR2J9okF61EP/I18qGWPijGKYGs=\",\"CodeChallengeMethod\":\"S256\",\"Properties\":{}}'),('zFCy9XkIQGgPeiXMs97i85I8h9Rm3jTqv8X55axWHvc=','authorization_code','superadmin','payrollclient','2024-06-02 05:03:32.000000','2024-06-02 05:08:32.000000','{\"CreationTime\":\"2024-06-02T05:03:32Z\",\"Lifetime\":300,\"ClientId\":\"payrollclient\",\"Subject\":{\"AuthenticationType\":\"IdentityServer4\",\"Claims\":[{\"Type\":\"sub\",\"Value\":\"superadmin\",\"ValueType\":\"http://www.w3.org/2001/XMLSchema#string\"},{\"Type\":\"auth_time\",\"Value\":\"1717301019\",\"ValueType\":\"http://www.w3.org/2001/XMLSchema#string\"},{\"Type\":\"idp\",\"Value\":\"local\",\"ValueType\":\"http://www.w3.org/2001/XMLSchema#string\"},{\"Type\":\"amr\",\"Value\":\"pwd\",\"ValueType\":\"http://www.w3.org/2001/XMLSchema#string\"}]},\"IsOpenId\":true,\"RequestedScopes\":[\"openid\"],\"RedirectUri\":\"http://localhost:5173/signin-callback\",\"Nonce\":null,\"StateHash\":\"KPQ2mtnXQeDYItUDzi2QAQ\",\"WasConsentShown\":false,\"SessionId\":\"ko8tKU2uN51SIPnqZsbo1Q\",\"CodeChallenge\":\"FJFDAXLGk/d7iPescLZ8Yi3dmbeaMnmfz9HVgBoLQxA=\",\"CodeChallengeMethod\":\"S256\",\"Properties\":{}}'),('zik5HSkU+fIKjA2tJaIUarzQ5YLBaYE3cspxipNmH7U=','authorization_code','superadmin','payrollclient','2024-06-02 05:03:12.000000','2024-06-02 05:08:12.000000','{\"CreationTime\":\"2024-06-02T05:03:12Z\",\"Lifetime\":300,\"ClientId\":\"payrollclient\",\"Subject\":{\"AuthenticationType\":\"IdentityServer4\",\"Claims\":[{\"Type\":\"sub\",\"Value\":\"superadmin\",\"ValueType\":\"http://www.w3.org/2001/XMLSchema#string\"},{\"Type\":\"auth_time\",\"Value\":\"1717301019\",\"ValueType\":\"http://www.w3.org/2001/XMLSchema#string\"},{\"Type\":\"idp\",\"Value\":\"local\",\"ValueType\":\"http://www.w3.org/2001/XMLSchema#string\"},{\"Type\":\"amr\",\"Value\":\"pwd\",\"ValueType\":\"http://www.w3.org/2001/XMLSchema#string\"}]},\"IsOpenId\":true,\"RequestedScopes\":[\"openid\"],\"RedirectUri\":\"http://localhost:5173/signin-callback\",\"Nonce\":null,\"StateHash\":\"YnXszm5PHV5EcpDjfWloIQ\",\"WasConsentShown\":false,\"SessionId\":\"ko8tKU2uN51SIPnqZsbo1Q\",\"CodeChallenge\":\"t/1U+efnyxNjUScufK57NO1Fj6WMFgQUoUr6gE/0/uU=\",\"CodeChallengeMethod\":\"S256\",\"Properties\":{}}');
/*!40000 ALTER TABLE `persistedgrants` ENABLE KEYS */;
UNLOCK TABLES;

--
-- Table structure for table `school`
--

DROP TABLE IF EXISTS `school`;
/*!40101 SET @saved_cs_client     = @@character_set_client */;
/*!50503 SET character_set_client = utf8mb4 */;
CREATE TABLE `school` (
  `Id` int NOT NULL AUTO_INCREMENT,
  `SchoolName` varchar(80) NOT NULL,
  `SchoolAddress` varchar(250) NOT NULL,
  `SchoolAcronym` varchar(10) NOT NULL,
  `SchoolContactNum` varchar(20) NOT NULL,
  `SchoolEmail` varchar(80) NOT NULL,
  `IsActive` tinyint(1) NOT NULL DEFAULT '1',
  `ImagePath` varchar(124) DEFAULT NULL,
  PRIMARY KEY (`Id`)
) ENGINE=InnoDB AUTO_INCREMENT=12 DEFAULT CHARSET=utf8mb4 COLLATE=utf8mb4_0900_ai_ci;
/*!40101 SET character_set_client = @saved_cs_client */;

--
-- Dumping data for table `school`
--

LOCK TABLES `school` WRITE;
/*!40000 ALTER TABLE `school` DISABLE KEYS */;
INSERT INTO `school` VALUES (1,'Augustinian Recollect Sisters','Saint Rita College-Convent, Plaza del Carmen 1001','ARStest1','09762461984','arsisters.secretary@gmail.com',1,'ARStest1.png'),(2,'test','test','test','213','test',1,NULL),(3,'test12','tset12','ABCDEF','09123123234','test@gmail.com',1,NULL),(4,'test25','test25','256test','12312423','sadf@email.com',1,NULL),(5,'test78324','esdaf','sadf','32423','sadf@email.com',1,NULL),(6,'jlsdfas','dagfsda','dafg','sadf','dsfhg@ldfajh',1,NULL),(7,'sadf','safd','skja','12312','sadf@email.com',1,NULL),(8,'test1-+0','tesr','testing','019283','test@gmail.com',1,NULL),(9,'ksfd','qwert','yuip','12345','qwerty@qwerty',1,NULL),(10,'qwertytestactie','qwerty','uiwer','qweqwe','qweqwe@werq',0,NULL),(11,'testing2131231','sadf','poiyur','123345','qweqwe@werq',1,NULL);
/*!40000 ALTER TABLE `school` ENABLE KEYS */;
UNLOCK TABLES;

--
-- Table structure for table `schoolsection`
--

DROP TABLE IF EXISTS `schoolsection`;
/*!40101 SET @saved_cs_client     = @@character_set_client */;
/*!50503 SET character_set_client = utf8mb4 */;
CREATE TABLE `schoolsection` (
  `ID` int NOT NULL AUTO_INCREMENT,
  `GradeLevelID` int NOT NULL,
  `SectionName` varchar(80) NOT NULL,
  `SchoolId` int NOT NULL,
  `StrandId` int DEFAULT NULL,
  PRIMARY KEY (`ID`),
  KEY `FK_SchoolSection_GradeLevel` (`GradeLevelID`),
  KEY `FK_SchoolSection_School` (`SchoolId`),
  KEY `FK_SchoolSection_Strand` (`StrandId`),
  CONSTRAINT `FK_SchoolSection_GradeLevel` FOREIGN KEY (`GradeLevelID`) REFERENCES `gradelevel` (`Id`),
  CONSTRAINT `FK_SchoolSection_School` FOREIGN KEY (`SchoolId`) REFERENCES `school` (`Id`),
  CONSTRAINT `FK_SchoolSection_Strand` FOREIGN KEY (`StrandId`) REFERENCES `strand` (`ID`)
) ENGINE=InnoDB AUTO_INCREMENT=7 DEFAULT CHARSET=utf8mb4 COLLATE=utf8mb4_0900_ai_ci;
/*!40101 SET character_set_client = @saved_cs_client */;

--
-- Dumping data for table `schoolsection`
--

LOCK TABLES `schoolsection` WRITE;
/*!40000 ALTER TABLE `schoolsection` DISABLE KEYS */;
INSERT INTO `schoolsection` VALUES (1,1,'Test',1,NULL),(3,2,'Hope',1,NULL),(4,14,'2A',1,9),(5,13,'Test',1,NULL),(6,14,'3a',1,9);
/*!40000 ALTER TABLE `schoolsection` ENABLE KEYS */;
UNLOCK TABLES;

--
-- Table structure for table `schoolyear`
--

DROP TABLE IF EXISTS `schoolyear`;
/*!40101 SET @saved_cs_client     = @@character_set_client */;
/*!50503 SET character_set_client = utf8mb4 */;
CREATE TABLE `schoolyear` (
  `Id` int NOT NULL AUTO_INCREMENT,
  `FromSchoolTerm` varchar(50) NOT NULL,
  `ToSchoolTerm` varchar(50) NOT NULL,
  `IsActive` tinyint NOT NULL DEFAULT '0',
  PRIMARY KEY (`Id`)
) ENGINE=InnoDB AUTO_INCREMENT=4 DEFAULT CHARSET=utf8mb4 COLLATE=utf8mb4_0900_ai_ci;
/*!40101 SET character_set_client = @saved_cs_client */;

--
-- Dumping data for table `schoolyear`
--

LOCK TABLES `schoolyear` WRITE;
/*!40000 ALTER TABLE `schoolyear` DISABLE KEYS */;
INSERT INTO `schoolyear` VALUES (1,'2023','2024',1),(2,'2022','2023',0),(3,'2024','2025',1);
/*!40000 ALTER TABLE `schoolyear` ENABLE KEYS */;
UNLOCK TABLES;

--
-- Table structure for table `semester`
--

DROP TABLE IF EXISTS `semester`;
/*!40101 SET @saved_cs_client     = @@character_set_client */;
/*!50503 SET character_set_client = utf8mb4 */;
CREATE TABLE `semester` (
  `ID` int NOT NULL AUTO_INCREMENT,
  `SemesterName` varchar(50) NOT NULL,
  `IsActive` tinyint(1) NOT NULL,
  PRIMARY KEY (`ID`)
) ENGINE=InnoDB AUTO_INCREMENT=4 DEFAULT CHARSET=utf8mb4 COLLATE=utf8mb4_0900_ai_ci;
/*!40101 SET character_set_client = @saved_cs_client */;

--
-- Dumping data for table `semester`
--

LOCK TABLES `semester` WRITE;
/*!40000 ALTER TABLE `semester` DISABLE KEYS */;
INSERT INTO `semester` VALUES (1,'First Semester',0),(2,'Second Semester',0),(3,'Summer',0);
/*!40000 ALTER TABLE `semester` ENABLE KEYS */;
UNLOCK TABLES;

--
-- Table structure for table `strand`
--

DROP TABLE IF EXISTS `strand`;
/*!40101 SET @saved_cs_client     = @@character_set_client */;
/*!50503 SET character_set_client = utf8mb4 */;
CREATE TABLE `strand` (
  `ID` int NOT NULL AUTO_INCREMENT,
  `StrandName` varchar(50) NOT NULL,
  `StrandAbbrev` varchar(20) DEFAULT NULL,
  `TrackId` int NOT NULL,
  PRIMARY KEY (`ID`)
) ENGINE=InnoDB AUTO_INCREMENT=17 DEFAULT CHARSET=utf8mb4 COLLATE=utf8mb4_0900_ai_ci;
/*!40101 SET character_set_client = @saved_cs_client */;

--
-- Dumping data for table `strand`
--

LOCK TABLES `strand` WRITE;
/*!40000 ALTER TABLE `strand` DISABLE KEYS */;
INSERT INTO `strand` VALUES (9,'Science, Technology, Engineering and Mathematics','STEM',1),(10,'Humanities and Social Studies','HUMSS',1),(11,'Accountancy, Business and Management','ABM',1),(12,'Cookery',NULL,2),(13,'Information and Communications Technology','ICT-CSS',2),(14,'Information and Communications Technology','ICT-Programming',2),(15,'Arts and Design','A&D',4),(16,'Sports',NULL,3);
/*!40000 ALTER TABLE `strand` ENABLE KEYS */;
UNLOCK TABLES;

--
-- Table structure for table `student`
--

DROP TABLE IF EXISTS `student`;
/*!40101 SET @saved_cs_client     = @@character_set_client */;
/*!50503 SET character_set_client = utf8mb4 */;
CREATE TABLE `student` (
  `ID` int NOT NULL AUTO_INCREMENT,
  `StudentIdNumber` varchar(30) NOT NULL,
  `ContactNumber` varchar(30) DEFAULT NULL,
  `LRN` varchar(255) DEFAULT NULL,
  `BirthDate` date NOT NULL,
  `Age` int NOT NULL,
  `BirthPlace` varchar(255) NOT NULL,
  `CivilStatus` varchar(20) NOT NULL,
  `Religion` varchar(100) NOT NULL,
  `MotherName` varchar(255) DEFAULT NULL,
  `MotherAddress` varchar(255) DEFAULT NULL,
  `FatherName` varchar(255) DEFAULT NULL,
  `FatherAddress` varchar(255) DEFAULT NULL,
  `GuardianName` varchar(255) NOT NULL,
  `GuardianAddress` varchar(255) DEFAULT NULL,
  `LastSchoolAttended` varchar(100) DEFAULT NULL,
  `LastSchoolAttendedYear` varchar(30) DEFAULT NULL,
  `IsRegistered` tinyint(1) NOT NULL,
  `IsEnrolled` tinyint(1) NOT NULL,
  `IsForConfirmation` tinyint(1) NOT NULL,
  `IsActive` tinyint(1) NOT NULL,
  `IsGraduated` tinyint(1) NOT NULL,
  `UserId` int NOT NULL,
  `SchoolId` int NOT NULL,
  `GradeLevelId` int NOT NULL,
  `StrandId` int DEFAULT NULL,
  `MotherContactNumber` varchar(20) DEFAULT NULL,
  `FatherContactNumber` varchar(20) DEFAULT NULL,
  `GuardianContactNumber` varchar(20) DEFAULT NULL,
  `MotherEmailAddress` varchar(100) DEFAULT NULL,
  `FatherEmailAddress` varchar(100) DEFAULT NULL,
  `GuardianEmailAddress` varchar(100) DEFAULT NULL,
  `MotherOccupation` varchar(100) DEFAULT NULL,
  `FatherOccupation` varchar(100) DEFAULT NULL,
  `IsMotherDeceased` tinyint DEFAULT NULL,
  `IsFatherDeceased` tinyint DEFAULT NULL,
  `GuardianRelationship` varchar(30) NOT NULL,
  `DateRegistered` date DEFAULT NULL,
  `RequestToMoveUp` tinyint NOT NULL DEFAULT '0',
  PRIMARY KEY (`ID`),
  KEY `FK_Student_User` (`UserId`),
  KEY `FK_Student_School` (`SchoolId`),
  KEY `FK_Student_GradeLevel` (`GradeLevelId`),
  CONSTRAINT `FK_Student_GradeLevel` FOREIGN KEY (`GradeLevelId`) REFERENCES `gradelevel` (`Id`),
  CONSTRAINT `FK_Student_School` FOREIGN KEY (`SchoolId`) REFERENCES `school` (`Id`),
  CONSTRAINT `FK_Student_User` FOREIGN KEY (`UserId`) REFERENCES `user` (`Id`)
) ENGINE=InnoDB AUTO_INCREMENT=11 DEFAULT CHARSET=utf8mb4 COLLATE=utf8mb4_0900_ai_ci;
/*!40101 SET character_set_client = @saved_cs_client */;

--
-- Dumping data for table `student`
--

LOCK TABLES `student` WRITE;
/*!40000 ALTER TABLE `student` DISABLE KEYS */;
INSERT INTO `student` VALUES (2,'032608001','09193373603','1234589','2008-03-26',16,'Cebu City','Single','Roman Catholic','Estrellita Caranzo','Capaculan,Tisa Cebu City','Fidel Caranzo Jr.','Capaculan,Tisa Cebu City','Estrellita Caranzo','Capaculan,Tisa Cebu City','Sci High','2022-2023',1,1,0,1,0,19,1,14,9,'09812312312','09812312312','09812312312','lita@gmail.com','junior@gmail.com','lita@gmail.com',NULL,NULL,NULL,NULL,'',NULL,0),(6,'021603001','09193373603','89324994','2003-02-17',21,'Cebu City','Single','Roman Catholic','Estrellita Caranzo','Capaculan,Tisa Cebu City','Fidel Caranzo','Capaculan,Tisa Cebu City','Estrellita Caranzo','Capaculan,Tisa Cebu City','UC','2022-2023',1,1,0,1,0,24,1,14,9,'09812390123','9871233324','09812390123','mothertest@gmail.com','test@gmail.com','mothertest@gmail.com','test','test',0,0,'Mother','2024-06-06',1),(9,'060424001','123123','','2024-06-04',0,'Cebu City','Single','Roman Catholic','testsetse','sdfsdaf','sjkdafjka','lsjkadjflkasjl','testsetse','sdfsdaf','testtest','2009-2010',1,0,0,1,0,27,1,2,NULL,'3434','jkdsjk','3434','sdaf@galsd','setjle@gfad','sdaf@galsd','sdafsaef','sjkakjf',0,0,'Mother','2024-06-07',0),(10,'061024001','12312423','345342','2024-06-10',-1,'CebuCity','Single','Roman Catholic','test','test','test','tset','test','test','TEST','2010-2011',1,1,0,1,0,28,1,14,9,'123','test','123','test@gmail.com','test@gmail.com','test@gmail.com','test','test',0,0,'Mother','2024-06-08',0);
/*!40000 ALTER TABLE `student` ENABLE KEYS */;
UNLOCK TABLES;

--
-- Table structure for table `studentsection`
--

DROP TABLE IF EXISTS `studentsection`;
/*!40101 SET @saved_cs_client     = @@character_set_client */;
/*!50503 SET character_set_client = utf8mb4 */;
CREATE TABLE `studentsection` (
  `ID` int NOT NULL AUTO_INCREMENT,
  `SectionId` int DEFAULT NULL,
  `StudentId` int NOT NULL,
  `IsActive` tinyint(1) NOT NULL,
  PRIMARY KEY (`ID`),
  KEY `FK_StudentSection_SchoolSection` (`SectionId`),
  KEY `FK_StudentSection_Student` (`StudentId`),
  CONSTRAINT `FK_StudentSection_SchoolSection` FOREIGN KEY (`SectionId`) REFERENCES `schoolsection` (`ID`),
  CONSTRAINT `FK_StudentSection_Student` FOREIGN KEY (`StudentId`) REFERENCES `student` (`ID`)
) ENGINE=InnoDB DEFAULT CHARSET=utf8mb4 COLLATE=utf8mb4_0900_ai_ci;
/*!40101 SET character_set_client = @saved_cs_client */;

--
-- Dumping data for table `studentsection`
--

LOCK TABLES `studentsection` WRITE;
/*!40000 ALTER TABLE `studentsection` DISABLE KEYS */;
/*!40000 ALTER TABLE `studentsection` ENABLE KEYS */;
UNLOCK TABLES;

--
-- Table structure for table `track`
--

DROP TABLE IF EXISTS `track`;
/*!40101 SET @saved_cs_client     = @@character_set_client */;
/*!50503 SET character_set_client = utf8mb4 */;
CREATE TABLE `track` (
  `ID` int NOT NULL AUTO_INCREMENT,
  `TrackName` varchar(30) CHARACTER SET utf8mb3 COLLATE utf8mb3_general_ci NOT NULL,
  PRIMARY KEY (`ID`)
) ENGINE=InnoDB AUTO_INCREMENT=5 DEFAULT CHARSET=utf8mb4 COLLATE=utf8mb4_0900_ai_ci;
/*!40101 SET character_set_client = @saved_cs_client */;

--
-- Dumping data for table `track`
--

LOCK TABLES `track` WRITE;
/*!40000 ALTER TABLE `track` DISABLE KEYS */;
INSERT INTO `track` VALUES (1,'Academic'),(2,'TVL'),(3,'Sports'),(4,'Arts and Design');
/*!40000 ALTER TABLE `track` ENABLE KEYS */;
UNLOCK TABLES;

--
-- Table structure for table `user`
--

DROP TABLE IF EXISTS `user`;
/*!40101 SET @saved_cs_client     = @@character_set_client */;
/*!50503 SET character_set_client = utf8mb4 */;
CREATE TABLE `user` (
  `Id` int NOT NULL AUTO_INCREMENT,
  `UserName` varchar(64) NOT NULL,
  `Password` binary(16) NOT NULL,
  `FirstName` varchar(32) NOT NULL,
  `LastName` varchar(32) NOT NULL,
  `Email` varchar(128) DEFAULT NULL,
  `Active` tinyint(1) NOT NULL DEFAULT '1',
  `ActivationGuid` char(36) DEFAULT NULL,
  `ActivationDueDate` datetime DEFAULT NULL,
  `EncryptedPassword` varchar(500) DEFAULT NULL,
  `NoOfActivationEmailSent` int DEFAULT NULL,
  `FailedLogins` int DEFAULT NULL,
  `LoginTimeLockout` datetime DEFAULT NULL,
  `IsLockedOut` tinyint(1) DEFAULT NULL,
  `PasswordExpiryDate` datetime DEFAULT NULL,
  `UserCredentialSentDate` datetime DEFAULT NULL,
  `ForgottenPasswordSent` datetime DEFAULT NULL,
  `PasswordLength` tinyint DEFAULT NULL,
  `CreatedBy` int NOT NULL,
  `CreatedDate` datetime NOT NULL,
  `UpdatedBy` int DEFAULT NULL,
  `UpdatedDate` datetime DEFAULT NULL,
  `MiddleName` varchar(80) DEFAULT NULL,
  `IsStudent` tinyint NOT NULL DEFAULT '0',
  `IsEmployee` tinyint NOT NULL DEFAULT '0',
  `UserTypeId` int NOT NULL DEFAULT '1',
  `Sex` varchar(20) NOT NULL DEFAULT 'Female',
  `Suffix` varchar(10) DEFAULT NULL,
  PRIMARY KEY (`Id`),
  KEY `fk_user_usertypeId` (`UserTypeId`),
  CONSTRAINT `fk_user_usertypeId` FOREIGN KEY (`UserTypeId`) REFERENCES `usertype` (`ID`)
) ENGINE=InnoDB AUTO_INCREMENT=29 DEFAULT CHARSET=utf8mb4 COLLATE=utf8mb4_0900_ai_ci;
/*!40101 SET character_set_client = @saved_cs_client */;

--
-- Dumping data for table `user`
--

LOCK TABLES `user` WRITE;
/*!40000 ALTER TABLE `user` DISABLE KEYS */;
INSERT INTO `user` VALUES (1,'superadmin',_binary 'vV\6\T\0\0\0\0\0\0','SuperAdmin','SuperAdminLastName','joshuaharvillecaranzo@gmail.com',1,NULL,NULL,'$2a$11$JOP/cE8fDE89Zp4DaxyZouyL8Kx/FbFZJX6xchwx.JhYMej9rUMcS',NULL,NULL,NULL,0,NULL,NULL,NULL,NULL,1,'2024-05-30 16:31:07',NULL,NULL,NULL,0,0,2,'Female',NULL),(9,'Admin1',_binary '1234\0\0\0\0\0\0\0\0\0\0\0\0','Admin','FirstAdmin','admin1@gmail.com',1,NULL,NULL,'$2a$11$5theFZ2uFahD0spJ54cO8e3VXGyiWkPj8vgRZqF4ba14WQK7GGGd.',NULL,NULL,NULL,0,NULL,NULL,NULL,NULL,0,'2024-06-03 11:38:42',NULL,NULL,NULL,0,1,3,'Female',NULL),(10,'registrar12',_binary '1234\0\0\0\0\0\0\0\0\0\0\0\0','Registrar','1','registrar1@gmail.com',1,NULL,NULL,'$2a$11$Cq67WhcW2VShvQf7juYUGuzwXJ9MCCppqb9ylBfD1pQ5wlRDIs/qK',NULL,NULL,NULL,0,NULL,NULL,NULL,NULL,0,'2024-06-03 11:56:26',NULL,NULL,NULL,0,1,4,'Female',NULL),(11,'admin2',_binary '1234\0\0\0\0\0\0\0\0\0\0\0\0','Admin2','admin2','admin2@gmail.com',1,NULL,NULL,'$2a$11$iJ6UZbUyi2Tu9Caj.RRGGuq1w.nAwT8lBcol9XY6V8heWWxYgp5xK',NULL,NULL,NULL,0,NULL,NULL,NULL,NULL,0,'2024-06-03 12:17:19',NULL,NULL,NULL,0,1,3,'Female',NULL),(19,'james@gmail.com',_binary 'caranzo123\0\0\0\0\0\0','james','caranzo','james@gmail.com',1,NULL,NULL,'$2a$11$k1BWeA4ajEspGGc0CBkg2ujQnIoHaOGkQyB4wo.U7Daxmzyk88Yx6',NULL,NULL,NULL,NULL,NULL,NULL,NULL,NULL,10,'2024-06-03 12:20:42',10,'2024-06-03 12:44:11','harville',1,0,1,'Female',NULL),(24,'joshuaharvillecaranzo@gmail.com',_binary 'Caranzo123\0\0\0\0\0\0','Joshua','Caranzo','joshuaharvillecaranzo@gmail.com',1,NULL,NULL,'$2a$11$I/g7MjjHPszrtwIT86kTYe8cuA3maqPMTRau/mHwynvd.LB/XyJF2',NULL,NULL,NULL,0,NULL,NULL,NULL,NULL,1,'2024-06-06 07:57:40',10,'2024-06-07 01:43:24','Harville',1,0,1,'Male',''),(27,'test@gmail.com',_binary 'Testing 123\0\0\0\0\0','NewEnroll','Testing ','test@gmail.com',1,NULL,NULL,'$2a$11$yIdbGDy1yfYv..11PPqQH./F/vjWVI1auKogDoXrprbRq8hTXSEya',NULL,NULL,NULL,NULL,NULL,NULL,NULL,NULL,10,'2024-06-07 02:25:42',NULL,NULL,'sdaf',1,0,1,'Female','r'),(28,'data@gmail.com',_binary 'Testing123\0\0\0\0\0\0','Registrar','Testing','data@gmail.com',1,NULL,NULL,'$2a$11$dcpUMavSjD3zKVOBNAVFnO6weRgERUOmwk.pYjivUPeLjirmVUmXG',NULL,NULL,NULL,NULL,NULL,NULL,NULL,NULL,1,'2024-06-08 01:53:45',NULL,NULL,'Data',1,0,1,'Male','');
/*!40000 ALTER TABLE `user` ENABLE KEYS */;
UNLOCK TABLES;

--
-- Table structure for table `usertype`
--

DROP TABLE IF EXISTS `usertype`;
/*!40101 SET @saved_cs_client     = @@character_set_client */;
/*!50503 SET character_set_client = utf8mb4 */;
CREATE TABLE `usertype` (
  `ID` int NOT NULL AUTO_INCREMENT,
  `TypeName` varchar(80) NOT NULL,
  PRIMARY KEY (`ID`)
) ENGINE=InnoDB AUTO_INCREMENT=20 DEFAULT CHARSET=utf8mb4 COLLATE=utf8mb4_0900_ai_ci;
/*!40101 SET character_set_client = @saved_cs_client */;

--
-- Dumping data for table `usertype`
--

LOCK TABLES `usertype` WRITE;
/*!40000 ALTER TABLE `usertype` DISABLE KEYS */;
INSERT INTO `usertype` VALUES (1,'Student'),(2,'SuperAdmin'),(3,'Admin'),(4,'Registrar'),(5,'Principal'),(11,'Treasurer'),(12,'Cashier'),(13,'Librarian'),(14,'College Registrar'),(15,'College Cashier'),(16,'Secretary'),(17,'Guidance'),(18,'Student Formation Coordinator'),(19,'ARSC');
/*!40000 ALTER TABLE `usertype` ENABLE KEYS */;
UNLOCK TABLES;
/*!40103 SET TIME_ZONE=@OLD_TIME_ZONE */;

/*!40101 SET SQL_MODE=@OLD_SQL_MODE */;
/*!40014 SET FOREIGN_KEY_CHECKS=@OLD_FOREIGN_KEY_CHECKS */;
/*!40014 SET UNIQUE_CHECKS=@OLD_UNIQUE_CHECKS */;
/*!40101 SET CHARACTER_SET_CLIENT=@OLD_CHARACTER_SET_CLIENT */;
/*!40101 SET CHARACTER_SET_RESULTS=@OLD_CHARACTER_SET_RESULTS */;
/*!40101 SET COLLATION_CONNECTION=@OLD_COLLATION_CONNECTION */;
/*!40111 SET SQL_NOTES=@OLD_SQL_NOTES */;

-- Dump completed on 2024-06-09  1:07:09
